mine_id,month,year,planned_production_tpd,actual_production_tpd,rainfall_mm,equipment_availability_pct,blasting_days,haul_road_condition,crusher_capacity_tpd,num_dumpers,num_shovels,shortfall_risk,lag_1,lag_2,lag_3
Mine_A_Dongri_Buzurg,1,2016,1288.4778467142824,1142.0582946805177,41.277954689628885,0.8779487526079018,19,4,1516.8723016250108,8,3,High,1142.0582946805177,1142.0582946805177,1142.0582946805177
Mine_A_Dongri_Buzurg,2,2016,808.2745928904228,945.9242814327197,31.35451802186785,0.9965325440999856,24,4,959.6783377197739,7,4,Low,1142.0582946805177,1142.0582946805177,1142.0582946805177
Mine_A_Dongri_Buzurg,3,2016,589.3580044105928,366.5274962839228,41.062572784564594,0.8608469465633521,19,3,750.2587593790792,5,4,High,945.9242814327197,1142.0582946805177,1142.0582946805177
Mine_A_Dongri_Buzurg,4,2016,1318.5449737612566,1083.0522979168563,47.45886907889286,0.9594626025598504,23,3,1598.4183944841795,7,3,High,366.5274962839228,945.9242814327197,1142.0582946805177
Mine_A_Dongri_Buzurg,5,2016,1131.9610379319595,705.1865433565215,31.54387974997066,0.9181701608502552,19,5,1371.3301033064308,5,2,High,1083.0522979168563,366.5274962839228,945.9242814327197
Mine_A_Dongri_Buzurg,6,2016,537.2747211515644,161.18241634546933,320.5181788608932,0.6789687952682076,11,1,639.6293387960479,6,4,High,705.1865433565215,1083.0522979168563,366.5274962839228
Mine_A_Dongri_Buzurg,7,2016,1381.4398074086148,414.43194222258444,456.9780046043976,0.6887649588582644,8,1,1607.9553543688407,8,2,High,161.18241634546933,705.1865433565215,1083.0522979168563
Mine_A_Dongri_Buzurg,8,2016,1167.9279200461428,350.37837601384285,406.5837147454605,0.7548672246141275,12,2,1488.7519598305191,7,2,High,414.43194222258444,161.18241634546933,705.1865433565215
Mine_A_Dongri_Buzurg,9,2016,501.127977765764,150.3383933297292,207.79319123985945,0.7948828222086262,6,1,593.5406202623169,7,2,High,350.37837601384285,414.43194222258444,161.18241634546933
Mine_A_Dongri_Buzurg,10,2016,1047.4291366508605,775.8755788993475,17.41918714927253,0.839999974170424,23,5,1350.442612147424,6,2,High,150.3383933297292,350.37837601384285,414.43194222258444
Mine_A_Dongri_Buzurg,11,2016,1177.8789303816661,1472.3486629770828,11.855883306451076,0.9816386305855613,23,5,1478.478979783835,8,4,Low,775.8755788993475,150.3383933297292,350.37837601384285
Mine_A_Dongri_Buzurg,12,2016,1171.964648175644,793.8876777267327,27.35230092126771,0.8023822748350335,21,4,1415.1089712019377,6,3,High,1472.3486629770828,775.8755788993475,150.3383933297292
Mine_A_Dongri_Buzurg,1,2017,697.8860746335503,612.3745438995038,33.89222487612231,0.8566359443638063,15,5,811.2077722885758,7,4,High,793.8876777267327,1472.3486629770828,775.8755788993475
Mine_A_Dongri_Buzurg,2,2017,975.7750076481639,810.9856120863457,17.05662889991838,0.9566010935812395,25,5,1251.099641019238,6,2,High,612.3745438995038,793.8876777267327,1472.3486629770828
Mine_A_Dongri_Buzurg,3,2017,583.5520956094258,309.9281136259964,6.005969157655028,0.9858029880543201,20,3,651.3091367523814,5,2,High,810.9856120863457,612.3745438995038,793.8876777267327
Mine_A_Dongri_Buzurg,4,2017,919.9305258085008,462.5816180724637,45.33149843064713,0.8829643483650655,22,3,1185.1731827950966,5,2,High,309.9281136259964,810.9856120863457,612.3745438995038
Mine_A_Dongri_Buzurg,5,2017,1197.5107633586895,745.6167104806414,2.6109693330775565,0.8315704078993479,16,4,1449.288236874084,5,4,High,462.5816180724637,309.9281136259964,810.9856120863457
Mine_A_Dongri_Buzurg,6,2017,561.6401382820252,168.49204148460754,278.64483957309733,0.7734315517078647,11,1,642.336188096249,5,3,High,745.6167104806414,462.5816180724637,309.9281136259964
Mine_A_Dongri_Buzurg,7,2017,886.0986253371336,265.8295876011401,402.33914247741336,0.691265086395273,8,1,1111.9375333797836,5,2,High,168.49204148460754,745.6167104806414,462.5816180724637
Mine_A_Dongri_Buzurg,8,2017,723.2196962546618,216.96590887639854,278.38686109837045,0.7413476344667782,14,1,811.1495581432192,5,4,High,265.8295876011401,168.49204148460754,745.6167104806414
Mine_A_Dongri_Buzurg,9,2017,749.9475952050318,224.98427856150954,282.3681229898462,0.6169666382680328,8,2,936.649865831778,6,4,High,216.96590887639854,265.8295876011401,168.49204148460754
Mine_A_Dongri_Buzurg,10,2017,726.6412981339414,525.0171772096446,39.48390999221809,0.8063715523416807,21,3,912.0284879095962,7,3,High,224.98427856150954,216.96590887639854,265.8295876011401
Mine_A_Dongri_Buzurg,11,2017,1343.2542663038435,880.6323813577314,23.80001431795109,0.8300708800160614,15,5,1542.169305275486,6,3,High,525.0171772096446,224.98427856150954,216.96590887639854
Mine_A_Dongri_Buzurg,12,2017,958.1021321108549,813.2397187521134,23.75508429185545,0.9621322237070695,16,5,1145.2599896835588,8,2,High,880.6323813577314,525.0171772096446,224.98427856150954
Mine_A_Dongri_Buzurg,1,2018,1008.5316066113023,551.1565916927558,23.616795617948956,0.8901386101018911,22,3,1184.787530161725,5,2,High,813.2397187521134,880.6323813577314,525.0171772096446
Mine_A_Dongri_Buzurg,2,2018,1245.8697034429224,1439.0343797775702,28.862532851570418,0.9495953068284415,24,4,1510.1768849339014,7,4,Low,551.1565916927558,813.2397187521134,880.6323813577314
Mine_A_Dongri_Buzurg,3,2018,722.7686915842257,903.4608644802822,18.82758553826513,0.9789967101491903,24,5,836.0825947863678,7,4,Low,1439.0343797775702,551.1565916927558,813.2397187521134
Mine_A_Dongri_Buzurg,4,2018,1309.7178303500243,795.5279710452572,23.675411566928272,0.9027760067738235,15,4,1685.9826045515306,5,3,High,903.4608644802822,1439.0343797775702,551.1565916927558
Mine_A_Dongri_Buzurg,5,2018,1281.9997524915143,937.3792809724629,22.435160080837967,0.9146446090296614,22,3,1529.7629268648143,5,4,High,795.5279710452572,903.4608644802822,1439.0343797775702
Mine_A_Dongri_Buzurg,6,2018,640.9954444137891,192.29863332413672,363.08413294728234,0.7858300364491144,8,1,742.1083378838708,5,4,High,937.3792809724629,795.5279710452572,903.4608644802822
Mine_A_Dongri_Buzurg,7,2018,721.5100689848177,216.4530206954453,249.98895820614894,0.6351106571244778,7,1,869.8844111358602,8,2,High,192.29863332413672,937.3792809724629,795.5279710452572
Mine_A_Dongri_Buzurg,8,2018,1292.3934802564897,387.7180440769469,376.9333187664917,0.7050436920315316,13,1,1495.685207016113,6,2,High,216.4530206954453,192.29863332413672,937.3792809724629
Mine_A_Dongri_Buzurg,9,2018,809.8028293209395,242.94084879628184,257.79150221144835,0.6591270914677682,13,1,962.9470120368172,7,2,High,387.7180440769469,216.4530206954453,192.29863332413672
Mine_A_Dongri_Buzurg,10,2018,661.0645133042254,588.4435993621054,2.1025043151022773,0.9173785524564685,20,3,815.7078102400501,7,4,High,242.94084879628184,387.7180440769469,216.4530206954453
Mine_A_Dongri_Buzurg,11,2018,985.3226307647758,814.3815990343596,24.647025182663995,0.8293670222838492,15,4,1178.7100264196201,8,4,High,588.4435993621054,242.94084879628184,387.7180440769469
Mine_A_Dongri_Buzurg,12,2018,1468.628781449544,1744.8635278378542,4.051277215422877,0.8890605092418058,22,5,1627.138384772032,8,4,Low,814.3815990343596,588.4435993621054,242.94084879628184
Mine_A_Dongri_Buzurg,1,2019,1133.3148177882042,1003.0765733238776,12.573219027311266,0.9527244927706529,16,3,1375.7078232426363,8,4,High,1744.8635278378542,814.3815990343596,588.4435993621054
Mine_A_Dongri_Buzurg,2,2019,1465.5075526946384,825.9072794942412,17.42886420585357,0.823463201805142,20,4,1646.746045915146,5,2,High,1003.0765733238776,1744.8635278378542,814.3815990343596
Mine_A_Dongri_Buzurg,3,2019,563.1291958856309,282.2901237366567,1.5503411933874445,0.8538814101187857,15,4,704.993745566325,5,2,High,825.9072794942412,1003.0765733238776,1744.8635278378542
Mine_A_Dongri_Buzurg,4,2019,896.9364377524419,736.2032623238144,1.768105534411235,0.8024685896592155,15,5,1050.8212437624468,7,4,High,282.2901237366567,825.9072794942412,1003.0765733238776
Mine_A_Dongri_Buzurg,5,2019,1255.0255908674653,1143.5812661053717,37.95630379328049,0.9106121468011206,16,5,1428.6195106608966,8,3,Medium,736.2032623238144,282.2901237366567,825.9072794942412
Mine_A_Dongri_Buzurg,6,2019,1468.2864831101112,440.48594493303335,399.7331208050546,0.745100436042333,8,2,1694.1477639115428,5,3,High,1143.5812661053717,736.2032623238144,282.2901237366567
Mine_A_Dongri_Buzurg,7,2019,1141.1603887043884,342.3481166113165,385.2122445090702,0.7764275559383096,6,1,1306.1498847748412,6,2,High,440.48594493303335,1143.5812661053717,736.2032623238144
Mine_A_Dongri_Buzurg,8,2019,1461.98252673233,438.594758019699,485.850179978827,0.6404295240911159,7,1,1627.521601269047,6,3,High,342.3481166113165,440.48594493303335,1143.5812661053717
Mine_A_Dongri_Buzurg,9,2019,1028.839051497057,308.6517154491171,211.85934803224382,0.6113946853799654,10,2,1227.1612778581969,5,3,High,438.594758019699,342.3481166113165,440.48594493303335
Mine_A_Dongri_Buzurg,10,2019,507.5634146406074,287.47223404270926,17.73839783325289,0.9327076891600461,25,3,621.8697272810101,5,2,High,308.6517154491171,438.594758019699,342.3481166113165
Mine_A_Dongri_Buzurg,11,2019,902.4183754765112,561.0961277992999,33.970530621556385,0.8546233081726575,15,4,994.4710867606283,8,2,High,287.47223404270926,308.6517154491171,438.594758019699
Mine_A_Dongri_Buzurg,12,2019,1201.0068094032677,1108.2836991409279,7.666789045926004,0.911996483102726,18,4,1528.8016430090315,7,4,Medium,561.0961277992999,287.47223404270926,308.6517154491171
Mine_A_Dongri_Buzurg,1,2020,1047.67535201082,940.813357661222,38.06053430027509,0.8811923357419164,20,3,1190.3780515988137,7,4,High,1108.2836991409279,561.0961277992999,287.47223404270926
Mine_A_Dongri_Buzurg,2,2020,1008.1204273825791,920.7121689280899,27.26959581040309,0.924042106468239,25,5,1155.9077879150648,7,2,Medium,940.813357661222,1108.2836991409279,561.0961277992999
Mine_A_Dongri_Buzurg,3,2020,1474.6475929889423,1133.4746709698013,9.520954997366166,0.8304907611845534,21,3,1821.1511723482563,6,4,High,920.7121689280899,940.813357661222,1108.2836991409279
Mine_A_Dongri_Buzurg,4,2020,1163.8810596638405,996.7759798844934,38.529507171304395,0.9298853701553546,24,5,1409.6509519727085,5,3,High,1133.4746709698013,920.7121689280899,940.813357661222
Mine_A_Dongri_Buzurg,5,2020,1051.4785654566867,1089.1890882495993,49.46461158562847,0.967194710540162,19,5,1182.744219251054,8,3,Low,996.7759798844934,1133.4746709698013,920.7121689280899
Mine_A_Dongri_Buzurg,6,2020,1344.760891524064,403.4282674572192,334.02902324788727,0.74192870615668,10,1,1483.4245762496314,7,3,High,1089.1890882495993,996.7759798844934,1133.4746709698013
Mine_A_Dongri_Buzurg,7,2020,1229.2202068154315,475.9989187662851,284.15348752691426,0.6684899751236457,14,2,1419.392859101804,8,4,High,403.4282674572192,1089.1890882495993,996.7759798844934
Mine_A_Dongri_Buzurg,8,2020,1245.8264491828113,373.74793475484336,488.9372583261767,0.7832735933201643,9,2,1581.9668621912022,6,2,High,475.9989187662851,403.4282674572192,1089.1890882495993
Mine_A_Dongri_Buzurg,9,2020,690.2705267689872,207.08115803069617,280.9660283498057,0.6562526684397834,8,1,795.6695023027207,7,3,High,373.74793475484336,475.9989187662851,403.4282674572192
Mine_A_Dongri_Buzurg,10,2020,511.70073692818465,280.3100707178507,43.65909563012359,0.9523381168948444,18,3,626.7728980844362,5,2,High,207.08115803069617,373.74793475484336,475.9989187662851
Mine_A_Dongri_Buzurg,11,2020,1369.9607308837462,1405.0630271565503,8.464489667591884,0.9585277174629823,23,4,1718.446020989863,8,3,Low,280.3100707178507,207.08115803069617,373.74793475484336
Mine_A_Dongri_Buzurg,12,2020,584.9618736293132,626.3540249267227,42.920382016849516,0.9453908631899683,23,5,717.4331083123683,7,3,Low,1405.0630271565503,280.3100707178507,207.08115803069617
Mine_A_Dongri_Buzurg,1,2021,1363.2764837571206,795.6359012134558,37.792898264046556,0.8444076846379146,16,4,1568.3020875783761,7,2,High,626.3540249267227,1405.0630271565503,280.3100707178507
Mine_A_Dongri_Buzurg,2,2021,880.061229432659,748.9255918029514,34.58803060075158,0.9796234549063456,16,5,1081.3454453989827,6,3,High,795.6359012134558,626.3540249267227,1405.0630271565503
Mine_A_Dongri_Buzurg,3,2021,1033.4421476828438,747.0180069767266,36.81890534329022,0.970433932413456,15,4,1323.474918559209,6,3,High,748.9255918029514,795.6359012134558,626.3540249267227
Mine_A_Dongri_Buzurg,4,2021,726.3228118796889,656.4840114787223,5.989328608620104,0.9311346763630264,25,4,871.2930047904617,6,3,Medium,747.0180069767266,748.9255918029514,795.6359012134558
Mine_A_Dongri_Buzurg,5,2021,612.5672263958538,515.6295940498458,38.75365936998389,0.9034030860234631,16,4,743.0620523790101,8,3,High,656.4840114787223,747.0180069767266,748.9255918029514
Mine_A_Dongri_Buzurg,6,2021,1232.9810820400455,369.89432461201363,263.19602100145636,0.7664334006033601,11,1,1534.4932818802588,7,3,High,515.6295940498458,656.4840114787223,747.0180069767266
Mine_A_Dongri_Buzurg,7,2021,1335.2301366722784,573.5952763114364,203.16135392634055,0.7976414013198859,14,2,1670.0786233793929,5,4,High,369.89432461201363,515.6295940498458,656.4840114787223
Mine_A_Dongri_Buzurg,8,2021,1175.045229007838,352.5135687023514,281.8660447325402,0.7096717012884396,8,1,1524.9866509436802,5,2,High,573.5952763114364,369.89432461201363,515.6295940498458
Mine_A_Dongri_Buzurg,9,2021,1195.6473199958627,438.0770582717714,240.79375085716993,0.7717813484198153,11,2,1526.8789455011984,7,3,High,352.5135687023514,573.5952763114364,369.89432461201363
Mine_A_Dongri_Buzurg,10,2021,904.0090173833421,571.7904318708448,49.57065751026335,0.8963620307850517,17,3,1048.0244476262203,8,2,High,438.0770582717714,352.5135687023514,573.5952763114364
Mine_A_Dongri_Buzurg,11,2021,1237.0674563495375,1255.9730717799632,0.7037073055151888,0.8293175351147615,22,4,1515.9994070494984,8,4,Low,571.7904318708448,438.0770582717714,352.5135687023514
Mine_A_Dongri_Buzurg,12,2021,1127.3623041683445,1145.5251635653542,46.19082917158309,0.9686638129907035,23,4,1425.0185473736135,7,3,Low,1255.9730717799632,571.7904318708448,438.0770582717714
Mine_A_Dongri_Buzurg,1,2022,1268.6220118713704,1118.0587942692812,26.118176571078617,0.960903088646098,20,3,1468.1639694894793,6,4,High,1145.5251635653542,1255.9730717799632,571.7904318708448
Mine_A_Dongri_Buzurg,2,2022,897.140557772233,865.9115302148847,25.923019688622713,0.8800582160861923,19,5,1101.627177838226,8,3,Low,1118.0587942692812,1145.5251635653542,1255.9730717799632
Mine_A_Dongri_Buzurg,3,2022,795.9251616681222,454.37203098590544,19.77615365444726,0.8835287568892406,24,4,981.0422749186658,5,2,High,865.9115302148847,1118.0587942692812,1145.5251635653542
Mine_A_Dongri_Buzurg,4,2022,1272.1233231764754,1042.7065075107598,25.729159126843694,0.942469051484377,20,5,1539.9372008851788,5,3,High,454.37203098590544,865.9115302148847,1118.0587942692812
Mine_A_Dongri_Buzurg,5,2022,745.7857567251476,482.04839441669793,23.11963058510187,0.8748049891605184,20,3,938.7033214901558,6,3,High,1042.7065075107598,454.37203098590544,865.9115302148847
Mine_A_Dongri_Buzurg,6,2022,547.1543533341094,164.1463060002328,277.48995166452715,0.6521249245789388,14,2,701.3941481872686,6,4,High,482.04839441669793,1042.7065075107598,454.37203098590544
Mine_A_Dongri_Buzurg,7,2022,1082.0673119912658,324.62019359737974,445.3772248712497,0.7115156120565926,8,2,1401.9512419307111,6,3,High,164.1463060002328,482.04839441669793,1042.7065075107598
Mine_A_Dongri_Buzurg,8,2022,723.4256343254285,217.02769029762854,417.9349993094173,0.6834584656098852,9,2,833.7019427264205,7,2,High,324.62019359737974,164.1463060002328,482.04839441669793
Mine_A_Dongri_Buzurg,9,2022,1254.4383997061896,376.33151991185684,231.31379650819855,0.7419044277272333,9,1,1589.2103937669167,6,3,High,217.02769029762854,324.62019359737974,164.1463060002328
Mine_A_Dongri_Buzurg,10,2022,1030.206869705227,551.8480989295908,9.13469846645205,0.8690232674907125,21,4,1230.6727105664236,5,2,High,376.33151991185684,217.02769029762854,324.62019359737974
Mine_A_Dongri_Buzurg,11,2022,1285.1312863373637,826.081703145955,41.56015518805696,0.9647655285383934,24,3,1443.3973514769482,6,2,High,551.8480989295908,376.33151991185684,217.02769029762854
Mine_A_Dongri_Buzurg,12,2022,1392.1463498778598,1002.4204364260946,23.774255725884696,0.9716315189591102,17,3,1677.2847555747524,7,3,High,826.081703145955,551.8480989295908,376.33151991185684
Mine_A_Dongri_Buzurg,1,2023,520.3508804834556,349.7554911155962,47.86502685545151,0.8452820976163457,16,4,603.4460282508157,5,4,High,1002.4204364260946,826.081703145955,551.8480989295908
Mine_A_Dongri_Buzurg,2,2023,1029.443418326181,1144.414780797986,26.661443285934684,0.9700224823213598,21,5,1303.166387204878,8,3,Low,349.7554911155962,1002.4204364260946,826.081703145955
Mine_A_Dongri_Buzurg,3,2023,1070.9992652187489,644.9765033933488,42.07921110632112,0.9258952102847258,16,3,1298.0031423178848,6,3,High,1144.414780797986,349.7554911155962,1002.4204364260946
Mine_A_Dongri_Buzurg,4,2023,678.6111013716429,505.5480218714897,30.2636810922013,0.8984925772080675,21,4,797.4297140411915,5,3,High,644.9765033933488,1144.414780797986,349.7554911155962
Mine_A_Dongri_Buzurg,5,2023,747.6487714011475,560.6698939653209,15.063085734040804,0.855480208996555,23,4,874.0523087722019,8,2,High,505.5480218714897,644.9765033933488,1144.414780797986
Mine_A_Dongri_Buzurg,6,2023,1216.6238974455764,364.9871692336729,241.4874855196141,0.7513488748590481,9,1,1534.8341415496307,5,3,High,560.6698939653209,505.5480218714897,644.9765033933488
Mine_A_Dongri_Buzurg,7,2023,1007.8664225106462,302.35992675319386,485.82881256930034,0.7679669770480336,9,2,1185.076423273254,8,3,High,364.9871692336729,560.6698939653209,505.5480218714897
Mine_A_Dongri_Buzurg,8,2023,1470.5062362269096,441.1518708680729,304.02591285479525,0.7112582409430048,13,2,1836.1844008530759,5,3,High,302.35992675319386,364.9871692336729,560.6698939653209
Mine_A_Dongri_Buzurg,9,2023,978.8290194717163,293.64870584151487,443.1033882734554,0.6650812989391296,5,2,1091.7023066272873,5,2,High,441.1518708680729,302.35992675319386,364.9871692336729
Mine_A_Dongri_Buzurg,10,2023,941.294679011028,613.0145314508045,26.05238292319964,0.930477921679413,15,4,1126.443735308715,5,4,High,293.64870584151487,441.1518708680729,302.35992675319386
Mine_A_Dongri_Buzurg,11,2023,1369.2255556262621,800.4548678357397,45.59970756725246,0.919412028229331,16,4,1584.3260892911055,6,2,High,613.0145314508045,293.64870584151487,441.1518708680729
Mine_A_Dongri_Buzurg,12,2023,1395.7219067341607,1501.6374579960334,22.40569477980391,0.9790872018563963,20,5,1566.29711604763,6,4,Low,800.4548678357397,613.0145314508045,293.64870584151487
Mine_A_Dongri_Buzurg,1,2024,649.3854451431393,447.1674371286389,7.077443776572928,0.9695912368252733,18,3,796.9963712936515,5,4,High,1501.6374579960334,800.4548678357397,613.0145314508045
Mine_A_Dongri_Buzurg,2,2024,791.2126542453216,411.35808219920744,26.09117325594923,0.8330464431336212,18,4,941.4357466063741,5,2,High,447.1674371286389,1501.6374579960334,800.4548678357397
Mine_A_Dongri_Buzurg,3,2024,1434.5760777385806,1022.4615476562709,15.663302726226608,0.865829862998649,25,3,1688.809140621216,8,2,High,411.35808219920744,447.1674371286389,1501.6374579960334
Mine_A_Dongri_Buzurg,4,2024,1497.2612227632026,1871.5765284540032,28.36266337488794,0.9771877684035066,25,4,1734.87729089552,8,4,Low,1022.4615476562709,411.35808219920744,447.1674371286389
Mine_A_Dongri_Buzurg,5,2024,815.1480674507718,784.479049322813,24.62133595442549,0.9571891312950653,24,5,1007.3603928809872,8,2,Low,1871.5765284540032,1022.4615476562709,411.35808219920744
Mine_A_Dongri_Buzurg,6,2024,682.4156242119931,204.72468726359793,459.56106713528953,0.6449724029560524,14,2,813.6193663164663,5,2,High,784.479049322813,1871.5765284540032,1022.4615476562709
Mine_A_Dongri_Buzurg,7,2024,1346.5800119277592,403.97400357832777,375.5852132120426,0.6529536876561316,12,2,1710.3974778743882,8,4,High,204.72468726359793,784.479049322813,1871.5765284540032
Mine_A_Dongri_Buzurg,8,2024,1190.6295810552442,367.38800710223154,318.8047270801052,0.7619035629825631,14,1,1464.0350784545722,8,4,High,403.97400357832777,204.72468726359793,784.479049322813
Mine_A_Dongri_Buzurg,9,2024,1109.1746081984597,332.7523824595379,446.77439427032937,0.6013119487789704,12,2,1380.0162611974895,8,2,High,367.38800710223154,403.97400357832777,204.72468726359793
Mine_A_Dongri_Buzurg,10,2024,980.8033886726205,494.93043923112293,0.3281936858058776,0.9827006436210614,17,3,1220.887758581789,5,2,High,332.7523824595379,367.38800710223154,403.97400357832777
Mine_A_Dongri_Buzurg,11,2024,1415.8056141016784,1051.8156503234504,7.9145672061053,0.9969077384596992,18,5,1789.1302387095484,6,2,High,494.93043923112293,332.7523824595379,367.38800710223154
Mine_A_Dongri_Buzurg,12,2024,565.415393973499,438.2049554662967,23.942177234277956,0.8891347713449647,24,3,686.1914234372438,8,2,High,1051.8156503234504,494.93043923112293,332.7523824595379
Mine_A_Dongri_Buzurg,1,2025,1437.929346890246,1131.627454718255,48.449638366243576,0.8075678591418046,20,5,1677.321052830378,5,4,High,438.2049554662967,1051.8156503234504,494.93043923112293
Mine_A_Dongri_Buzurg,2,2025,1234.1536040820042,731.6906110093186,8.83790238372465,0.8575471675377035,17,4,1390.0991515970522,7,2,High,1131.627454718255,438.2049554662967,1051.8156503234504
Mine_A_Dongri_Buzurg,3,2025,661.1655744380381,435.22275317783686,34.50411202862363,0.9216623407447391,21,5,835.9281913548326,5,2,High,731.6906110093186,1131.627454718255,438.2049554662967
Mine_A_Dongri_Buzurg,4,2025,720.1884318114616,345.0113287501031,7.947863079130046,0.8887360637350913,15,3,800.6329262848803,6,2,High,435.22275317783686,731.6906110093186,1131.627454718255
Mine_A_Dongri_Buzurg,5,2025,561.9576731946157,419.78722444031695,9.871995620343066,0.9369476082630089,15,5,666.918049744416,6,3,High,345.0113287501031,435.22275317783686,731.6906110093186
Mine_A_Dongri_Buzurg,6,2025,858.9264963014645,257.6779488904393,244.91140184646179,0.6950912206010422,7,2,1010.7749124581026,5,2,High,419.78722444031695,345.0113287501031,435.22275317783686
Mine_A_Dongri_Buzurg,7,2025,1383.332343524787,414.9997030574361,497.856632495763,0.6066902761477635,5,2,1688.5387334339441,7,2,High,257.6779488904393,419.78722444031695,345.0113287501031
Mine_A_Dongri_Buzurg,8,2025,610.9246833981158,183.27740501943472,247.83451270115683,0.7127692234650109,10,1,724.7481196245924,8,2,High,414.9997030574361,257.6779488904393,419.78722444031695
Mine_A_Dongri_Buzurg,9,2025,705.0999016340741,211.5299704902222,394.27762341608917,0.7388072948972663,14,2,843.9443134807818,5,4,High,183.27740501943472,414.9997030574361,257.6779488904393
Mine_A_Dongri_Buzurg,10,2025,1016.4127470069337,805.4455955795024,40.92012817481804,0.8725871972918922,17,5,1270.2518678544104,5,4,High,211.5299704902222,183.27740501943472,414.9997030574361
Mine_A_Dongri_Buzurg,11,2025,541.3754009838967,557.4634167831077,8.996067818493708,0.9820412187745007,22,3,661.2418900939426,7,4,Low,805.4455955795024,211.5299704902222,183.27740501943472
Mine_A_Dongri_Buzurg,12,2025,997.2436196044923,602.459890626643,40.987004276945534,0.8007613288802038,15,4,1238.416518891576,6,3,High,557.4634167831077,805.4455955795024,211.5299704902222
Mine_B_Chikla,1,2016,1215.321851676184,828.2713621062601,34.26669976524073,0.9228385924083231,20,3,1482.5614626201486,8,2,High,828.2713621062601,828.2713621062601,828.2713621062601
Mine_B_Chikla,2,2016,1399.0053108138277,876.0694148518577,13.899945673049846,0.8345864174849934,23,3,1644.6982258764042,7,2,High,828.2713621062601,828.2713621062601,828.2713621062601
Mine_B_Chikla,3,2016,1466.610201023334,963.8859701704877,34.55634973564495,0.9785621827607076,22,3,1705.2338903636328,5,2,High,876.0694148518577,828.2713621062601,828.2713621062601
Mine_B_Chikla,4,2016,1228.2934881150331,929.2456688944028,1.2312955417020433,0.9641603711572376,16,3,1584.1006776977813,6,4,High,963.8859701704877,876.0694148518577,828.2713621062601
Mine_B_Chikla,5,2016,1357.6082056905198,878.0668511452053,33.03049893557174,0.9166892164130374,16,4,1553.7166445122543,5,3,High,929.2456688944028,963.8859701704877,876.0694148518577
Mine_B_Chikla,6,2016,911.1734356622173,273.3520306986652,263.77445557907885,0.7719955898358186,9,1,1150.491819450812,7,3,High,878.0668511452053,929.2456688944028,963.8859701704877
Mine_B_Chikla,7,2016,648.3101437311116,194.49304311933346,319.32246740446544,0.6653438034250603,7,1,808.6717290733409,6,3,High,273.3520306986652,878.0668511452053,929.2456688944028
Mine_B_Chikla,8,2016,1319.1858418976194,395.7557525692858,419.31165276239403,0.7757690765196597,5,2,1512.0729025815544,8,3,High,194.49304311933346,273.3520306986652,878.0668511452053
Mine_B_Chikla,9,2016,1200.0384210873633,360.011526326209,333.07753112555775,0.6115529637914976,5,2,1452.3699636993963,5,2,High,395.7557525692858,194.49304311933346,273.3520306986652
Mine_B_Chikla,10,2016,738.6387495552804,821.0334697912574,16.51086105222123,0.9573039098507209,21,4,905.2556437906588,8,4,Low,360.011526326209,395.7557525692858,194.49304311933346
Mine_B_Chikla,11,2016,1121.346736400213,709.1185923242338,12.161901241074863,0.8015468263408587,22,3,1278.0053246497487,8,2,High,821.0334697912574,360.011526326209,395.7557525692858
Mine_B_Chikla,12,2016,845.620607387769,800.3744604968742,33.50129157216742,0.9582618024125134,20,4,1032.520270780355,8,3,Medium,709.1185923242338,821.0334697912574,360.011526326209
Mine_B_Chikla,1,2017,1270.2664598926326,1165.495862943255,13.606698971976295,0.9301666279590249,20,4,1634.2464611494217,8,3,Medium,800.3744604968742,709.1185923242338,821.0334697912574
Mine_B_Chikla,2,2017,1087.421554135763,675.3205918400557,34.281268384484385,0.8379943772940263,23,3,1346.5415405538797,6,3,High,1165.495862943255,800.3744604968742,709.1185923242338
Mine_B_Chikla,3,2017,969.4634023717745,1007.1320149080385,11.213784401168603,0.8268585801144533,21,5,1229.0049559907295,7,4,Low,675.3205918400557,1165.495862943255,800.3744604968742
Mine_B_Chikla,4,2017,632.2633100027149,668.8351968410261,0.42735979114523204,0.974316008080116,24,4,804.1569645374761,6,4,Low,1007.1320149080385,675.3205918400557,1165.495862943255
Mine_B_Chikla,5,2017,1027.574102363254,787.0432104830501,37.65646622653589,0.8824666206718098,24,5,1316.2720086773973,6,2,High,668.8351968410261,1007.1320149080385,675.3205918400557
Mine_B_Chikla,6,2017,826.8653819421156,248.05961458263468,474.0927099059141,0.6047120097870076,8,2,1022.4682541873694,5,3,High,787.0432104830501,668.8351968410261,1007.1320149080385
Mine_B_Chikla,7,2017,704.6203873447004,258.7579412682881,249.15527731051912,0.677259820009348,11,2,866.1079734902249,6,4,High,248.05961458263468,787.0432104830501,668.8351968410261
Mine_B_Chikla,8,2017,533.3618310615467,160.008549318464,455.42601117608467,0.6275998773723405,5,2,622.4059423861598,6,2,High,258.7579412682881,248.05961458263468,787.0432104830501
Mine_B_Chikla,9,2017,1092.538150729945,327.7614452189835,429.729510275448,0.6164377281297977,5,2,1388.6885019590286,8,4,High,160.008549318464,258.7579412682881,248.05961458263468
Mine_B_Chikla,10,2017,504.4189262459988,214.22542943602815,46.47686933814552,0.8079568445289379,20,3,568.7128617076467,5,2,High,327.7614452189835,160.008549318464,258.7579412682881
Mine_B_Chikla,11,2017,1352.232957304497,640.8520689074905,5.416304545120088,0.869146148724441,15,4,1652.2792028011963,5,2,High,214.22542943602815,327.7614452189835,160.008549318464
Mine_B_Chikla,12,2017,1364.0490370286393,1571.345705836644,26.327278712098817,0.8978197263792803,24,5,1679.344469746399,7,4,Low,640.8520689074905,214.22542943602815,327.7614452189835
Mine_B_Chikla,1,2018,861.5834715525057,511.4897935821383,29.725887275619726,0.8002870626497379,15,4,987.6009213477021,8,2,High,1571.345705836644,640.8520689074905,214.22542943602815
Mine_B_Chikla,2,2018,1487.6105714573082,1201.434600917266,23.794190136569604,0.8679521359975193,20,5,1647.2401699715542,6,3,High,511.4897935821383,1571.345705836644,640.8520689074905
Mine_B_Chikla,3,2018,760.8190398107633,476.1696386711255,14.11729557130384,0.8238250838019759,24,4,981.3404319060259,5,2,High,1201.434600917266,511.4897935821383,1571.345705836644
Mine_B_Chikla,4,2018,1290.6170179696614,1007.6175502869605,36.92029526845144,0.9823034078173982,18,3,1635.5409598240499,7,3,High,476.1696386711255,1201.434600917266,511.4897935821383
Mine_B_Chikla,5,2018,1433.6045201984443,1002.5516063955605,35.558017970336394,0.9743594983182637,16,3,1641.1719850810932,6,3,High,1007.6175502869605,476.1696386711255,1201.434600917266
Mine_B_Chikla,6,2018,1166.503060249372,349.9509180748116,395.75939292199877,0.6952391661128609,12,2,1337.360269448481,6,3,High,1002.5516063955605,1007.6175502869605,476.1696386711255
Mine_B_Chikla,7,2018,529.4976753398131,158.84930260194392,495.754426148928,0.7382152522721296,13,1,684.6357851518571,7,3,High,349.9509180748116,1002.5516063955605,1007.6175502869605
Mine_B_Chikla,8,2018,658.2730330381298,197.48190991143895,431.90374859149125,0.7977647679406901,11,2,852.9994723870393,5,4,High,158.84930260194392,349.9509180748116,1002.5516063955605
Mine_B_Chikla,9,2018,766.5981834537508,229.97945503612524,375.29334110028606,0.7513907272933864,14,1,903.8889344467306,6,3,High,197.48190991143895,158.84930260194392,349.9509180748116
Mine_B_Chikla,10,2018,1375.1105860045486,1143.480923653661,47.27204899680355,0.9388147328525551,22,5,1670.613376103574,7,2,High,229.97945503612524,197.48190991143895,158.84930260194392
Mine_B_Chikla,11,2018,621.9165304513543,523.1774779987063,8.527565585031732,0.884758397167102,17,4,721.7542742918461,8,3,High,1143.480923653661,229.97945503612524,197.48190991143895
Mine_B_Chikla,12,2018,1078.0774121774048,725.9606731716816,27.635644534402232,0.9831223265421014,18,4,1214.9866319047521,6,2,High,523.1774779987063,1143.480923653661,229.97945503612524
Mine_B_Chikla,1,2019,1381.2802940597564,1034.2253818881738,44.74628635687253,0.881194505653585,17,4,1725.496722150267,6,4,High,725.9606731716816,523.1774779987063,1143.480923653661
Mine_B_Chikla,2,2019,1140.0670147600417,1020.4424849016677,11.328977335877388,0.8220243991802282,22,5,1457.454878886738,6,4,High,1034.2253818881738,725.9606731716816,523.1774779987063
Mine_B_Chikla,3,2019,607.9920185964133,421.79710163367537,49.72208460855007,0.9522768820641397,21,5,688.2993694517403,5,2,High,1020.4424849016677,1034.2253818881738,725.9606731716816
Mine_B_Chikla,4,2019,1116.9891245835606,931.2199318609709,9.29172780803439,0.9885419647202911,21,3,1234.0860569939084,7,3,High,421.79710163367537,1020.4424849016677,1034.2253818881738
Mine_B_Chikla,5,2019,1055.488808801781,575.8936151463693,40.24189152388837,0.850901418281621,15,4,1198.4848739840181,7,2,High,931.2199318609709,421.79710163367537,1020.4424849016677
Mine_B_Chikla,6,2019,821.394434739107,246.4183304217321,433.14442885737947,0.6343395481256362,12,1,905.8952968818811,7,4,High,575.8936151463693,931.2199318609709,421.79710163367537
Mine_B_Chikla,7,2019,761.7040702280951,228.51122106842854,360.75520329805215,0.7755356500744112,11,1,955.6063181579171,5,3,High,246.4183304217321,575.8936151463693,931.2199318609709
Mine_B_Chikla,8,2019,1015.3959971781844,304.6187991534553,467.19242291821035,0.7852951071950983,12,2,1280.3523197192703,5,2,High,228.51122106842854,246.4183304217321,575.8936151463693
Mine_B_Chikla,9,2019,1118.254971125688,335.47649133770636,401.5660242783915,0.7111158385416231,9,1,1413.5078926486722,7,2,High,304.6187991534553,228.51122106842854,246.4183304217321
Mine_B_Chikla,10,2019,798.2343714502363,585.3523978485074,28.875627305162155,0.9750955908451369,18,5,1005.625806327334,5,3,High,335.47649133770636,304.6187991534553,228.51122106842854
Mine_B_Chikla,11,2019,1435.1487270955677,1112.4276397317822,32.24316653363915,0.8848067072556748,23,5,1777.125783907548,5,3,High,585.3523978485074,335.47649133770636,304.6187991534553
Mine_B_Chikla,12,2019,918.4227362036012,614.6232642289541,31.01032232207511,0.9813511138549349,15,4,1069.6740936239669,8,2,High,1112.4276397317822,585.3523978485074,335.47649133770636
Mine_B_Chikla,1,2020,614.9011496011507,415.5416665668203,41.2244640655621,0.9142615399399574,22,5,750.049760337941,5,2,High,614.6232642289541,1112.4276397317822,585.3523978485074
Mine_B_Chikla,2,2020,1284.5860786893263,1345.5541987959975,7.0212031642703066,0.9580798164567313,18,5,1477.1397805868603,7,4,Low,415.5416665668203,614.6232642289541,1112.4276397317822
Mine_B_Chikla,3,2020,1258.3013378008663,1124.4863651985752,13.452644404623475,0.993423074751358,22,5,1591.1130582250453,7,2,High,1345.5541987959975,415.5416665668203,614.6232642289541
Mine_B_Chikla,4,2020,1107.0307774474968,1220.5670355662678,5.632617896664255,0.9934011574628487,23,5,1364.967525760137,7,3,Low,1124.4863651985752,1345.5541987959975,415.5416665668203
Mine_B_Chikla,5,2020,1305.7075382078979,928.1291848747474,31.323252493899634,0.9117669639366056,21,5,1626.522795948682,6,2,High,1220.5670355662678,1124.4863651985752,1345.5541987959975
Mine_B_Chikla,6,2020,1093.2248750224692,327.96746250674073,297.3572020266182,0.6180673056640402,11,1,1369.2055754548483,6,4,High,928.1291848747474,1220.5670355662678,1124.4863651985752
Mine_B_Chikla,7,2020,1332.1691399013262,399.65074197039786,291.25868891981327,0.7569422757399058,13,1,1545.237545737434,7,4,High,327.96746250674073,928.1291848747474,1220.5670355662678
Mine_B_Chikla,8,2020,1193.4216725085644,358.0265017525693,261.27927038693724,0.7300527398629235,14,1,1382.237353875981,6,2,High,399.65074197039786,327.96746250674073,928.1291848747474
Mine_B_Chikla,9,2020,1247.2518804019273,396.57435729892364,370.80515729739915,0.672573618561766,13,1,1505.0554918512917,8,4,High,358.0265017525693,399.65074197039786,327.96746250674073
Mine_B_Chikla,10,2020,565.7708285490746,275.1430237325886,18.933382785307522,0.8274848701313534,17,4,655.4011994298035,5,2,High,396.57435729892364,358.0265017525693,399.65074197039786
Mine_B_Chikla,11,2020,589.5405445875753,365.5844704626451,22.935550919420063,0.8348914325034145,20,5,653.8232431678098,6,2,High,275.1430237325886,396.57435729892364,358.0265017525693
Mine_B_Chikla,12,2020,564.9242771067193,370.1351475043306,16.240002892684746,0.8005777020475248,15,5,710.7955741839924,8,2,High,365.5844704626451,275.1430237325886,396.57435729892364
Mine_B_Chikla,1,2021,1048.0633765543928,887.6818698127647,23.64271690371288,0.8714698278337574,15,4,1290.4620471723674,8,4,High,370.1351475043306,365.5844704626451,275.1430237325886
Mine_B_Chikla,2,2021,617.8080644872454,284.220417328976,33.41283563136305,0.8117576838891337,16,3,797.3259648805614,5,2,High,887.6818698127647,370.1351475043306,365.5844704626451
Mine_B_Chikla,3,2021,1127.7838132396025,873.3317336281078,23.887157642534284,0.9775747643760491,19,5,1364.6729881621045,5,3,High,284.220417328976,887.6818698127647,370.1351475043306
Mine_B_Chikla,4,2021,1405.6355790920552,1745.5519124698587,26.92125460062852,0.9786606979635092,24,5,1784.3596089012765,6,4,Low,873.3317336281078,284.220417328976,887.6818698127647
Mine_B_Chikla,5,2021,1439.6328964624195,948.6149017992826,45.74234376906324,0.9150399609730159,18,4,1755.6168684918266,7,2,High,1745.5519124698587,873.3317336281078,284.220417328976
Mine_B_Chikla,6,2021,567.1818735601433,176.1744814726625,251.98740449013394,0.6391912475000525,12,1,700.773625116822,7,3,High,948.6149017992826,1745.5519124698587,873.3317336281078
Mine_B_Chikla,7,2021,630.4600643436356,189.1380193030907,457.50855104477796,0.7597195296145138,7,1,746.558995478616,6,3,High,176.1744814726625,948.6149017992826,1745.5519124698587
Mine_B_Chikla,8,2021,865.1978896075416,259.55936688226245,483.85534411498514,0.7209384530803504,13,1,1030.1828532014456,6,2,High,189.1380193030907,176.1744814726625,948.6149017992826
Mine_B_Chikla,9,2021,690.5270149609655,244.0666531797432,233.72756574786226,0.7512280145961153,8,2,774.0571228995428,8,3,High,259.55936688226245,189.1380193030907,176.1744814726625
Mine_B_Chikla,10,2021,1492.6224030611015,1080.3179521438649,13.885237906474506,0.9462968295620066,23,3,1811.3667373996282,7,2,High,244.0666531797432,259.55936688226245,189.1380193030907
Mine_B_Chikla,11,2021,928.931771223621,579.482715694434,36.85409126337043,0.8798076473297131,17,4,1099.3910128867908,5,3,High,1080.3179521438649,244.0666531797432,259.55936688226245
Mine_B_Chikla,12,2021,548.342132339803,475.856075276525,30.41474437120486,0.8715035878345606,17,4,604.6932411696741,8,4,High,579.482715694434,1080.3179521438649,244.0666531797432
Mine_B_Chikla,1,2022,760.9570209264105,401.6273193981035,3.995036628601756,0.9042559104876747,18,3,941.6494735410726,5,2,High,475.856075276525,579.482715694434,1080.3179521438649
Mine_B_Chikla,2,2022,1204.4585257353936,915.1485579631408,27.033811861044377,0.9331572446877535,16,3,1432.5463348276396,6,4,High,401.6273193981035,475.856075276525,579.482715694434
Mine_B_Chikla,3,2022,788.1404223133511,548.3597240022715,27.58576394834038,0.9573409638974462,18,4,941.8225872033287,6,2,High,915.1485579631408,401.6273193981035,475.856075276525
Mine_B_Chikla,4,2022,1201.7065841165572,883.0346855830473,4.287097903563097,0.8777951149234058,16,5,1380.8638226186142,7,3,High,548.3597240022715,915.1485579631408,401.6273193981035
Mine_B_Chikla,5,2022,1148.6622263665263,827.0656274063161,28.616918409942848,0.9014810743324274,22,5,1478.2414029645076,6,2,High,883.0346855830473,548.3597240022715,915.1485579631408
Mine_B_Chikla,6,2022,567.1820928177161,170.15462784531482,482.1832565363095,0.6473963113948089,10,1,690.9818050390371,5,3,High,827.0656274063161,883.0346855830473,548.3597240022715
Mine_B_Chikla,7,2022,1377.156012433054,413.1468037299162,467.03902836099684,0.647635668845074,6,1,1768.7577769815396,5,4,High,170.15462784531482,827.0656274063161,883.0346855830473
Mine_B_Chikla,8,2022,901.3572366028786,270.40717098086355,342.7148383880941,0.6836061822361635,5,2,1068.1790141148565,8,2,High,413.1468037299162,170.15462784531482,827.0656274063161
Mine_B_Chikla,9,2022,1165.3834083547242,349.61502250641723,276.1087598840261,0.6799329811511484,12,1,1324.7220477855442,6,4,High,270.40717098086355,413.1468037299162,170.15462784531482
Mine_B_Chikla,10,2022,1318.7053999196169,1017.6056568148465,47.02292661957668,0.9793252670613009,16,4,1603.6471963413887,5,4,High,349.61502250641723,270.40717098086355,413.1468037299162
Mine_B_Chikla,11,2022,712.9669958000585,412.13837481024655,25.918598701779427,0.8461353110776655,19,4,869.0112838083767,6,2,High,1017.6056568148465,349.61502250641723,270.40717098086355
Mine_B_Chikla,12,2022,1089.6083867339157,726.9068696910905,24.303490855424304,0.9520296882405738,17,3,1340.8469431723665,8,2,High,412.13837481024655,1017.6056568148465,349.61502250641723
Mine_B_Chikla,1,2023,719.9871705170768,535.7967219702194,1.7927069908239168,0.8924823574305051,24,3,850.2388117216277,5,4,High,726.9068696910905,412.13837481024655,1017.6056568148465
Mine_B_Chikla,2,2023,1015.6368284361006,953.2787707890664,17.766688474186488,0.8691764233186408,23,3,1186.8072521635565,8,4,Medium,535.7967219702194,726.9068696910905,412.13837481024655
Mine_B_Chikla,3,2023,705.0196697801637,618.6651535022158,5.5682914689968115,0.9344361577361453,17,4,913.4245542060341,8,3,High,953.2787707890664,535.7967219702194,726.9068696910905
Mine_B_Chikla,4,2023,763.1918306640371,491.3133149371394,39.582166826725754,0.8636814560489335,17,5,936.2756547033941,6,2,High,618.6651535022158,953.2787707890664,535.7967219702194
Mine_B_Chikla,5,2023,763.8495376149723,718.372332597839,11.146045262314514,0.9482143099556345,20,4,918.5840064790564,6,4,Medium,491.3133149371394,618.6651535022158,953.2787707890664
Mine_B_Chikla,6,2023,641.2793846377983,202.93113197837022,207.54650061795553,0.7092309251541116,12,1,741.450623889414,6,4,High,718.372332597839,491.3133149371394,618.6651535022158
Mine_B_Chikla,7,2023,1320.1726574240963,396.05179722722886,368.3561598525182,0.6933309001132985,10,2,1638.1160667105182,5,2,High,202.93113197837022,718.372332597839,491.3133149371394
Mine_B_Chikla,8,2023,1144.7122151245067,492.2821486994997,229.36875907842722,0.7388815570538534,12,2,1299.4159036609724,8,3,High,396.05179722722886,202.93113197837022,718.372332597839
Mine_B_Chikla,9,2023,929.7070725502616,278.9121217650785,486.7931883895482,0.6179331699082419,11,2,1071.3925183004847,8,3,High,492.2821486994997,396.05179722722886,202.93113197837022
Mine_B_Chikla,10,2023,1246.7703032733173,795.4721408375809,48.54094952003112,0.9535460582331186,22,4,1615.7764748703437,5,2,High,278.9121217650785,492.2821486994997,396.05179722722886
Mine_B_Chikla,11,2023,1203.9905967932577,918.304808812261,49.51129886310958,0.9306898634910714,18,3,1364.3207301342122,7,3,High,795.4721408375809,278.9121217650785,492.2821486994997
Mine_B_Chikla,12,2023,568.1290846218925,382.8497789891289,22.68023328726939,0.8630368866465941,16,3,725.237276131847,7,3,High,918.304808812261,795.4721408375809,278.9121217650785
Mine_B_Chikla,1,2024,1339.3056086502263,974.6119032981757,2.569624350081207,0.9002991632508032,16,3,1528.8778586977826,7,3,High,382.8497789891289,918.304808812261,795.4721408375809
Mine_B_Chikla,2,2024,671.3769274284019,622.0000657933928,1.036993900742833,0.9302906326462917,16,4,817.3335959363641,8,4,Medium,974.6119032981757,382.8497789891289,918.304808812261
Mine_B_Chikla,3,2024,1490.1778479098712,1497.1691350099004,7.549162673051707,0.9764202847375836,21,4,1655.7894594525865,8,3,Low,622.0000657933928,974.6119032981757,382.8497789891289
Mine_B_Chikla,4,2024,1360.6532260646513,923.808442373362,4.2771757097069765,0.9592084666829328,18,4,1642.177224843581,5,3,High,1497.1691350099004,622.0000657933928,974.6119032981757
Mine_B_Chikla,5,2024,1434.0635769822238,1042.8005021944043,39.562219559435306,0.8017688053850155,16,4,1690.326896024805,6,4,High,923.808442373362,1497.1691350099004,622.0000657933928
Mine_B_Chikla,6,2024,1105.5308534977871,331.65925604933614,343.51547821596637,0.7108175999043483,13,2,1289.6972836132484,5,3,High,1042.8005021944043,923.808442373362,1497.1691350099004
Mine_B_Chikla,7,2024,979.0572919297108,293.71718757891324,290.344427020275,0.6638852914895286,8,2,1234.2092219301537,6,4,High,331.65925604933614,1042.8005021944043,923.808442373362
Mine_B_Chikla,8,2024,761.8920123008896,246.66995047541337,223.04599533155033,0.6027652002191332,11,1,883.9911231550122,8,4,High,293.71718757891324,331.65925604933614,1042.8005021944043
Mine_B_Chikla,9,2024,1107.4139759773918,332.2241927932175,340.87060306918136,0.6952028203833729,12,1,1286.857235129178,5,3,High,246.66995047541337,293.71718757891324,331.65925604933614
Mine_B_Chikla,10,2024,943.4435398298808,882.4739036276361,0.8871331372082514,0.8123612004267785,23,3,1051.4724381121152,8,4,Medium,332.2241927932175,246.66995047541337,293.71718757891324
Mine_B_Chikla,11,2024,905.8877663504486,1034.737865853372,5.869145460388042,0.9325256989699594,23,5,1071.0331567641315,8,3,Low,882.4739036276361,332.2241927932175,246.66995047541337
Mine_B_Chikla,12,2024,1026.6523255637744,931.9859541075859,46.20688383758155,0.826384632234759,21,5,1213.9052479678771,6,4,Medium,1034.737865853372,882.4739036276361,332.2241927932175
Mine_B_Chikla,1,2025,1332.9158686041028,839.4032944158853,29.80351923259968,0.8193214930566773,18,4,1694.5963600353912,5,4,High,931.9859541075859,1034.737865853372,882.4739036276361
Mine_B_Chikla,2,2025,1481.5468332841474,1073.2391958826506,15.415452787648398,0.9744270433787946,20,5,1704.2031623750902,6,2,High,839.4032944158853,931.9859541075859,1034.737865853372
Mine_B_Chikla,3,2025,1065.7102377839,978.9150311055582,37.77629973250564,0.9524995242509888,16,3,1363.1198946984236,8,4,Medium,1073.2391958826506,839.4032944158853,931.9859541075859
Mine_B_Chikla,4,2025,828.0206165657625,511.2740288445043,17.144048272947288,0.9140684546456309,20,3,996.0045764226772,5,3,High,978.9150311055582,1073.2391958826506,839.4032944158853
Mine_B_Chikla,5,2025,1226.7254015221076,1231.5016439192568,9.446426152551425,0.852375014838648,20,5,1372.330169243003,7,4,Low,511.2740288445043,978.9150311055582,1073.2391958826506
Mine_B_Chikla,6,2025,1061.359792048469,318.4079376145407,448.32956154920197,0.6212883351276518,7,1,1363.9355021530546,5,3,High,1231.5016439192568,511.2740288445043,978.9150311055582
Mine_B_Chikla,7,2025,914.0443868756545,274.2133160626963,277.37534549504005,0.6589857025427761,13,2,1090.4196932993298,5,3,High,318.4079376145407,1231.5016439192568,511.2740288445043
Mine_B_Chikla,8,2025,1467.3660579043312,440.2098173712994,403.08640288621683,0.759085866334117,14,2,1618.2020302047792,5,3,High,274.2133160626963,318.4079376145407,1231.5016439192568
Mine_B_Chikla,9,2025,653.9666359756704,196.18999079270114,370.99211214975594,0.6990514238835549,10,1,806.1355152128166,7,4,High,440.2098173712994,274.2133160626963,318.4079376145407
Mine_B_Chikla,10,2025,1372.6381560127497,1000.865985454261,11.30472866596527,0.8612638030945187,20,3,1550.0046384528991,7,3,High,196.18999079270114,440.2098173712994,274.2133160626963
Mine_B_Chikla,11,2025,890.9732090704022,635.418839268393,38.812934462484556,0.8620296932170028,16,5,1092.4275228319698,5,4,High,1000.865985454261,196.18999079270114,440.2098173712994
Mine_B_Chikla,12,2025,1214.018780919012,729.067660892886,18.541999816123777,0.9147676897067147,25,3,1492.8715952223029,5,2,High,635.418839268393,1000.865985454261,196.18999079270114
Mine_C_Munsar,1,2016,950.3686762187168,1036.357482178523,33.92440662917317,0.8972989430360632,22,3,1051.8108325653207,8,4,Low,1036.357482178523,1036.357482178523,1036.357482178523
Mine_C_Munsar,2,2016,1430.575902989839,1047.4507279818372,33.87954165891517,0.9088292664538132,15,5,1798.234024179334,8,2,High,1036.357482178523,1036.357482178523,1036.357482178523
Mine_C_Munsar,3,2016,1347.2102071182453,991.7370893501795,48.68806616769784,0.864239350738123,19,5,1624.3845606579112,7,2,High,1047.4507279818372,1036.357482178523,1036.357482178523
Mine_C_Munsar,4,2016,1057.0251407068213,622.9198989366063,31.100007665647546,0.8663871359762236,20,5,1188.9390840613285,5,2,High,991.7370893501795,1047.4507279818372,1036.357482178523
Mine_C_Munsar,5,2016,935.5269602543046,532.8780021625583,41.486224926524415,0.808707848554438,15,4,1204.0966075028693,5,4,High,622.9198989366063,991.7370893501795,1047.4507279818372
Mine_C_Munsar,6,2016,612.5702605334207,183.77107816002618,476.11416122637996,0.7878986670330154,8,2,788.2414813931404,5,2,High,532.8780021625583,622.9198989366063,991.7370893501795
Mine_C_Munsar,7,2016,609.2498561376474,182.7749568412942,264.6477051188326,0.6384080788782207,14,2,782.4882144414606,7,4,High,183.77107816002618,532.8780021625583,622.9198989366063
Mine_C_Munsar,8,2016,677.8699888697283,203.3609966609185,356.74784971636734,0.770669447677766,5,1,780.6931002373168,6,4,High,182.7749568412942,183.77107816002618,532.8780021625583
Mine_C_Munsar,9,2016,1292.539894783164,387.7619684349492,233.9885510720144,0.6609863034001978,6,2,1586.1611647135398,6,2,High,203.3609966609185,182.7749568412942,183.77107816002618
Mine_C_Munsar,10,2016,1421.3814808452933,1301.98518405461,42.00764082634694,0.8426024007979463,15,5,1790.1339900730418,8,4,Medium,387.7619684349492,203.3609966609185,182.7749568412942
Mine_C_Munsar,11,2016,724.5144808631643,748.7034988749301,0.45017067940055777,0.8852109114278222,17,5,811.090100543879,8,4,Low,1301.98518405461,387.7619684349492,203.3609966609185
Mine_C_Munsar,12,2016,927.0337910725721,519.0859545448909,29.553375629049633,0.8910880250155189,20,3,1061.0310183796578,5,2,High,748.7034988749301,1301.98518405461,387.7619684349492
Mine_C_Munsar,1,2017,1016.2950961410997,545.8216264509689,3.3668201470362256,0.9584427410044086,15,3,1134.121709819861,6,2,High,519.0859545448909,748.7034988749301,1301.98518405461
Mine_C_Munsar,2,2017,904.7103964963029,702.3472397753466,33.479950637471404,0.9985593034934631,19,5,1142.1838129174816,6,2,High,545.8216264509689,519.0859545448909,748.7034988749301
Mine_C_Munsar,3,2017,1009.4645302076236,712.4247752417738,18.610503644423424,0.8061562437617212,16,5,1126.4067446047218,8,2,High,702.3472397753466,545.8216264509689,519.0859545448909
Mine_C_Munsar,4,2017,1335.7272379215588,993.0854916556845,36.04870026045177,0.842719477980358,16,4,1632.3943666501307,8,3,High,712.4247752417738,702.3472397753466,545.8216264509689
Mine_C_Munsar,5,2017,793.8788914846041,605.9259500365639,44.443103023078706,0.9194540524248007,17,4,963.3047282814734,7,3,High,993.0854916556845,712.4247752417738,702.3472397753466
Mine_C_Munsar,6,2017,864.3842705856277,330.3861950450226,244.238565557772,0.7974893555190103,9,2,1086.4194675793703,8,4,High,605.9259500365639,993.0854916556845,712.4247752417738
Mine_C_Munsar,7,2017,828.5517429445257,248.5655228833577,495.0639634391676,0.6235553836812829,11,2,984.468554491847,5,4,High,330.3861950450226,605.9259500365639,993.0854916556845
Mine_C_Munsar,8,2017,1135.9663158817011,340.78989476451034,435.9641201250018,0.6388744402670442,12,1,1422.314556866102,8,2,High,248.5655228833577,330.3861950450226,605.9259500365639
Mine_C_Munsar,9,2017,1287.404383614899,386.22131508446967,421.9827840903208,0.6908842829021011,13,2,1426.070058965668,8,2,High,340.78989476451034,248.5655228833577,330.3861950450226
Mine_C_Munsar,10,2017,778.7568140200954,647.979223174455,19.683187990717272,0.9754906061918859,22,3,902.6062439861832,7,3,High,386.22131508446967,340.78989476451034,248.5655228833577
Mine_C_Munsar,11,2017,1464.1775949233995,1496.6186501497302,15.515710314778792,0.9126322891099369,21,5,1686.2005989267823,6,4,Low,647.979223174455,386.22131508446967,340.78989476451034
Mine_C_Munsar,12,2017,1320.6095473917537,942.1794305826778,2.089529845509036,0.8694784035265004,21,4,1545.979720340166,6,3,High,1496.6186501497302,647.979223174455,386.22131508446967
Mine_C_Munsar,1,2018,1260.8871714662512,1576.108964332814,45.179327278436425,0.9839167594468962,25,4,1442.7039980628774,8,4,Low,942.1794305826778,1496.6186501497302,647.979223174455
Mine_C_Munsar,2,2018,736.580186966216,375.16254702130595,30.105067717491966,0.933670085992871,23,3,847.2846729172323,5,2,High,1576.108964332814,942.1794305826778,1496.6186501497302
Mine_C_Munsar,3,2018,1465.2397784601922,1053.0844863574853,22.7206894093851,0.9738750883142245,22,5,1776.6371784653625,5,2,High,375.16254702130595,1576.108964332814,942.1794305826778
Mine_C_Munsar,4,2018,1487.2164211725542,1426.6457974262098,48.583139300706776,0.8992687655534569,22,4,1711.3829453017097,8,3,Low,1053.0844863574853,375.16254702130595,1576.108964332814
Mine_C_Munsar,5,2018,897.2401330639809,517.0705551224313,44.39312274760602,0.8929173514142151,24,3,1035.7585141719412,6,2,High,1426.6457974262098,1053.0844863574853,375.16254702130595
Mine_C_Munsar,6,2018,668.2372188011747,200.47116564035238,443.9695114601467,0.7445250911467727,13,1,791.8507492116456,8,4,High,517.0705551224313,1426.6457974262098,1053.0844863574853
Mine_C_Munsar,7,2018,1461.25707025743,438.377121077229,456.3043203262085,0.6259198422301554,10,1,1808.1732045587796,5,3,High,200.47116564035238,517.0705551224313,1426.6457974262098
Mine_C_Munsar,8,2018,969.8404573945195,290.95213721835586,484.9485910173255,0.7680692517402369,7,2,1199.968575263527,8,2,High,438.377121077229,200.47116564035238,517.0705551224313
Mine_C_Munsar,9,2018,663.155646320414,198.9466938961242,248.87653418719376,0.7133570135095404,5,2,749.5540780968728,8,4,High,290.95213721835586,438.377121077229,200.47116564035238
Mine_C_Munsar,10,2018,1075.692195716067,770.0151151985476,41.29827495717104,0.8078764246546435,25,5,1267.0820081015966,6,2,High,198.9466938961242,290.95213721835586,438.377121077229
Mine_C_Munsar,11,2018,1173.023946940751,1341.6712169194423,32.53557344870308,0.9905109080891145,20,4,1409.929049359181,8,4,Low,770.0151151985476,198.9466938961242,290.95213721835586
Mine_C_Munsar,12,2018,1484.6647476300968,1781.8712017964494,22.993676113857052,0.8812755740270675,25,5,1909.5079545570604,7,4,Low,1341.6712169194423,770.0151151985476,198.9466938961242
Mine_C_Munsar,1,2019,1289.5516465914807,865.6930706204167,20.76360897078554,0.9525945484624908,25,4,1457.6666675609551,5,2,High,1781.8712017964494,1341.6712169194423,770.0151151985476
Mine_C_Munsar,2,2019,933.981264780961,779.6054972321487,8.852049569470955,0.894654385590018,23,5,1126.685123030942,5,3,High,865.6930706204167,1781.8712017964494,1341.6712169194423
Mine_C_Munsar,3,2019,1302.8152834727316,1628.5191043409145,26.571993024133405,0.9567488895129936,25,5,1610.9710575099964,8,4,Low,779.6054972321487,865.6930706204167,1781.8712017964494
Mine_C_Munsar,4,2019,693.9487884019122,792.7935045525131,21.161366591147146,0.868366192051543,20,5,872.9931169734509,8,4,Low,1628.5191043409145,779.6054972321487,865.6930706204167
Mine_C_Munsar,5,2019,644.2868883551414,692.0853536512756,38.44397668212261,0.9084382678106452,22,5,778.9295540547915,6,4,Low,792.7935045525131,1628.5191043409145,779.6054972321487
Mine_C_Munsar,6,2019,1168.5878901528772,350.57636704586315,305.5858102235203,0.7983708757266915,8,1,1324.5379437462475,6,4,High,692.0853536512756,792.7935045525131,1628.5191043409145
Mine_C_Munsar,7,2019,1286.1556185100005,385.84668555300016,235.71522948137562,0.7451641370185018,6,1,1509.9702281832328,7,4,High,350.57636704586315,692.0853536512756,792.7935045525131
Mine_C_Munsar,8,2019,1099.1633399444208,329.74900198332625,394.7764903248682,0.7206485718368466,6,1,1274.3413188573384,8,3,High,385.84668555300016,350.57636704586315,692.0853536512756
Mine_C_Munsar,9,2019,1332.9760571129868,399.892817133896,475.91750788861725,0.7627005022355106,9,1,1515.014580411734,5,4,High,329.74900198332625,385.84668555300016,350.57636704586315
Mine_C_Munsar,10,2019,642.8581733471026,555.0229971818187,6.849026383942153,0.9189896789645579,18,5,832.7103492172304,5,4,High,399.892817133896,329.74900198332625,385.84668555300016
Mine_C_Munsar,11,2019,1330.0766881991817,975.2413373279513,34.782840054688954,0.9327874147961768,18,3,1482.888805633337,7,3,High,555.0229971818187,399.892817133896,329.74900198332625
Mine_C_Munsar,12,2019,688.4283312668201,416.81415239059334,4.920604154000513,0.9265560274080848,17,3,836.6499088809161,6,3,High,975.2413373279513,555.0229971818187,399.892817133896
Mine_C_Munsar,1,2020,705.8142068580271,661.9567512271287,29.12687533407882,0.8477926667000698,20,5,788.6344513457624,8,3,Medium,416.81415239059334,975.2413373279513,555.0229971818187
Mine_C_Munsar,2,2020,1092.635413155694,1050.630754256978,9.505280633004176,0.9683752252982247,24,5,1235.3484386465566,8,2,Low,661.9567512271287,416.81415239059334,975.2413373279513
Mine_C_Munsar,3,2020,865.9304657650362,484.26468786399306,49.1798747648041,0.8308020018044485,16,3,999.034809066798,5,4,High,1050.630754256978,661.9567512271287,416.81415239059334
Mine_C_Munsar,4,2020,768.3161427646605,552.2276795013456,46.574669453446035,0.8524614868896967,21,3,946.8910637922451,8,2,High,484.26468786399306,1050.630754256978,661.9567512271287
Mine_C_Munsar,5,2020,1070.3358938159763,695.5731194111158,26.737200332661715,0.838387157158226,17,5,1343.9502750474217,5,3,High,552.2276795013456,484.26468786399306,1050.630754256978
Mine_C_Munsar,6,2020,1043.830241058919,313.1490723176757,405.26270385837483,0.7069239833231943,5,1,1183.82578459445,8,2,High,695.5731194111158,552.2276795013456,484.26468786399306
Mine_C_Munsar,7,2020,841.6865891557132,252.50597674671397,223.31388946274058,0.6767517241844685,10,1,941.5813367217904,6,3,High,313.1490723176757,695.5731194111158,552.2276795013456
Mine_C_Munsar,8,2020,1464.4299883251574,439.3289964975472,228.89679454702807,0.6597156528623356,8,2,1718.0983068600822,8,3,High,252.50597674671397,313.1490723176757,695.5731194111158
Mine_C_Munsar,9,2020,1493.587650743411,448.07629522302324,345.6183899037313,0.7508218672206642,6,2,1700.1853777424635,5,2,High,439.3289964975472,252.50597674671397,313.1490723176757
Mine_C_Munsar,10,2020,1443.3562700169746,1147.4371821450743,35.066759708777255,0.9085614358877012,21,5,1795.873067917566,7,2,High,448.07629522302324,439.3289964975472,252.50597674671397
Mine_C_Munsar,11,2020,1484.9231640718713,718.7212350082788,4.593463632264183,0.8684074838016094,17,3,1846.8132151563223,5,2,High,1147.4371821450743,448.07629522302324,439.3289964975472
Mine_C_Munsar,12,2020,593.014095445234,591.4636009987232,39.394174120404905,0.9807759784836704,19,4,673.8055063658495,7,4,Low,718.7212350082788,1147.4371821450743,448.07629522302324
Mine_C_Munsar,1,2021,1489.619677991614,984.852688308757,49.37352135379038,0.9823326815859973,19,3,1855.6353152213649,5,3,High,591.4636009987232,718.7212350082788,1147.4371821450743
Mine_C_Munsar,2,2021,775.1915889816095,847.4264477953916,0.45736854877885813,0.9835058773570258,22,4,907.5363917913343,7,4,Low,984.852688308757,591.4636009987232,718.7212350082788
Mine_C_Munsar,3,2021,1153.0365073268742,835.1780497015586,35.02312934641413,0.8338457682228009,19,5,1452.4822408840269,8,2,High,847.4264477953916,984.852688308757,591.4636009987232
Mine_C_Munsar,4,2021,914.9052232572311,740.4789476546573,13.424544128130284,0.8017270784322691,16,4,1120.4953178849828,8,4,High,835.1780497015586,847.4264477953916,984.852688308757
Mine_C_Munsar,5,2021,548.2117587115345,266.70405389761487,10.58722172651273,0.815306589182706,15,4,664.2888237443615,5,3,High,740.4789476546573,835.1780497015586,847.4264477953916
Mine_C_Munsar,6,2021,553.5601172483491,166.06803517450473,285.9870624270494,0.7023040644459767,11,2,683.2217810673143,8,4,High,266.70405389761487,740.4789476546573,835.1780497015586
Mine_C_Munsar,7,2021,1367.0076083764832,410.10228251294495,297.6609415590552,0.7799650687854043,6,1,1560.0571423936974,6,2,High,166.06803517450473,266.70405389761487,740.4789476546573
Mine_C_Munsar,8,2021,1212.8024155789622,363.8407246736886,347.4189971990329,0.6578710914812453,10,2,1354.47210650218,6,2,High,410.10228251294495,166.06803517450473,266.70405389761487
Mine_C_Munsar,9,2021,1328.683758708124,398.60512761243723,271.89143537585863,0.6463958002721442,13,2,1555.028431042247,5,3,High,363.8407246736886,410.10228251294495,166.06803517450473
Mine_C_Munsar,10,2021,1163.292140218552,839.0678867390283,24.21769062402977,0.887748997315098,23,3,1499.5544510177053,5,4,High,398.60512761243723,363.8407246736886,410.10228251294495
Mine_C_Munsar,11,2021,1016.9507626254914,997.6889780924726,38.91635782684417,0.974808195297191,22,4,1218.18219090878,6,4,Low,839.0678867390283,398.60512761243723,363.8407246736886
Mine_C_Munsar,12,2021,970.7898746539029,478.79670793339784,37.92949313572285,0.8073342965223727,15,3,1072.836481471875,8,2,High,997.6889780924726,839.0678867390283,398.60512761243723
Mine_C_Munsar,1,2022,754.4803171054958,503.0740303912872,47.8566599704213,0.9236839947683574,18,4,842.1305142954113,7,2,High,478.79670793339784,997.6889780924726,839.0678867390283
Mine_C_Munsar,2,2022,1055.0178115103815,1058.5246717840962,40.50141751580021,0.8991435184628574,19,5,1295.91122157797,7,4,Low,503.0740303912872,478.79670793339784,997.6889780924726
Mine_C_Munsar,3,2022,1255.02095399166,1232.9087831514978,2.19910272667399,0.9039806041815184,18,4,1573.3299311768822,8,4,Low,1058.5246717840962,503.0740303912872,478.79670793339784
Mine_C_Munsar,4,2022,560.6998691441138,586.2762734798523,40.664345146128575,0.9930839093090138,21,4,690.8747695174053,7,4,Low,1232.9087831514978,1058.5246717840962,503.0740303912872
Mine_C_Munsar,5,2022,1130.0128856880353,842.5305568456288,24.433078344192243,0.9360029591648702,25,4,1306.499111763618,5,3,High,586.2762734798523,1232.9087831514978,1058.5246717840962
Mine_C_Munsar,6,2022,1423.2795412941368,443.46801137725333,213.27273712934684,0.7822427821876348,5,2,1822.241628621071,7,4,High,842.5305568456288,586.2762734798523,1232.9087831514978
Mine_C_Munsar,7,2022,1047.098929589823,391.83587431264976,227.25689893572581,0.6374321993240198,13,2,1151.8105884206916,8,4,High,443.46801137725333,842.5305568456288,586.2762734798523
Mine_C_Munsar,8,2022,564.790240785454,169.43707223563618,289.2568273621198,0.6567053955123299,14,2,627.2713027855966,6,3,High,391.83587431264976,443.46801137725333,842.5305568456288
Mine_C_Munsar,9,2022,776.6103653386641,232.9831096015992,273.4083413482966,0.7102721143556897,7,1,1009.5496310908534,5,3,High,169.43707223563618,391.83587431264976,443.46801137725333
Mine_C_Munsar,10,2022,1103.7445870352403,1243.2159803440104,14.464439620439551,0.9947800570690888,24,4,1430.9761299408176,8,3,Low,232.9831096015992,169.43707223563618,391.83587431264976
Mine_C_Munsar,11,2022,1312.3601814300355,1360.8133058229942,24.387545067015537,0.854910769267129,23,5,1663.8535676576375,8,3,Low,1243.2159803440104,232.9831096015992,169.43707223563618
Mine_C_Munsar,12,2022,1113.1953613605401,764.7946844231391,32.0788709099145,0.9772249911552068,15,4,1339.9731286868619,7,2,High,1360.8133058229942,1243.2159803440104,232.9831096015992
Mine_C_Munsar,1,2023,719.1060699773792,681.4776308241504,16.50033758771734,0.9615526502424041,17,4,909.2578340896976,7,4,Medium,764.7946844231391,1360.8133058229942,1243.2159803440104
Mine_C_Munsar,2,2023,703.1352999643907,444.5178668983377,31.783478817693467,0.9302049003280877,24,3,889.8932055022732,6,2,High,681.4776308241504,764.7946844231391,1360.8133058229942
Mine_C_Munsar,3,2023,1332.9970068023158,840.1018894988289,6.071823650610258,0.9473497879208789,19,5,1676.988008784591,5,2,High,444.5178668983377,681.4776308241504,764.7946844231391
Mine_C_Munsar,4,2023,1424.2810373854659,1085.476385966128,42.742736810572524,0.8004934387648369,16,5,1573.3978862531267,8,3,High,840.1018894988289,444.5178668983377,681.4776308241504
Mine_C_Munsar,5,2023,577.0320975807515,325.5268395960302,14.018539207029962,0.8653681874747303,17,4,723.5711972076161,5,3,High,1085.476385966128,840.1018894988289,444.5178668983377
Mine_C_Munsar,6,2023,804.0498668986951,241.2149600696085,278.3256280334739,0.6890807430963315,7,2,886.3528412189565,5,3,High,325.5268395960302,1085.476385966128,840.1018894988289
Mine_C_Munsar,7,2023,1271.6081290362526,381.4824387108758,393.11988773870905,0.7464217992953156,14,2,1632.3575650284438,8,3,High,241.2149600696085,325.5268395960302,1085.476385966128
Mine_C_Munsar,8,2023,628.3836229195318,188.51508687585954,432.8098103740972,0.7894162096038201,7,2,805.2262652576561,5,3,High,381.4824387108758,241.2149600696085,325.5268395960302
Mine_C_Munsar,9,2023,931.8290554455043,279.5487166336513,443.34213273715034,0.7513267795168186,12,1,1033.883840574609,5,2,High,188.51508687585954,381.4824387108758,241.2149600696085
Mine_C_Munsar,10,2023,585.568348108131,415.88769231275586,42.699518835074855,0.9281279141026871,24,5,745.8298829945495,5,2,High,279.5487166336513,188.51508687585954,381.4824387108758
Mine_C_Munsar,11,2023,946.2996774625256,728.6912444089378,3.601495266408544,0.8153332895637524,22,5,1134.2644130923459,7,3,High,415.88769231275586,279.5487166336513,188.51508687585954
Mine_C_Munsar,12,2023,1380.6501463788918,1084.1975769735657,22.736196542085985,0.9928020165529672,18,3,1558.3118988710546,7,3,High,728.6912444089378,415.88769231275586,279.5487166336513
Mine_C_Munsar,1,2024,654.1169813555996,624.0500834093656,9.375754243611246,0.9271083978758645,20,5,830.0849236011144,6,4,Low,1084.1975769735657,728.6912444089378,415.88769231275586
Mine_C_Munsar,2,2024,1195.704710046121,903.3922545256504,32.43487296380276,0.8959774930080265,24,3,1461.8858037962327,5,4,High,624.0500834093656,1084.1975769735657,728.6912444089378
Mine_C_Munsar,3,2024,1051.0117827839904,634.584906637204,38.68192830352016,0.9022347531308264,16,3,1201.976342470257,6,3,High,903.3922545256504,624.0500834093656,1084.1975769735657
Mine_C_Munsar,4,2024,702.570294931231,463.14436299742016,46.14070751405476,0.8624787835962435,21,3,822.2616766647958,5,4,High,634.584906637204,903.3922545256504,624.0500834093656
Mine_C_Munsar,5,2024,508.3026888890153,361.0265537760444,25.113754243942722,0.9857196059560585,15,5,605.9233109138066,7,2,High,463.14436299742016,634.584906637204,903.3922545256504
Mine_C_Munsar,6,2024,944.6045058937955,283.38135176813864,388.1105639948112,0.7419714727939049,8,1,1183.9289344100812,8,2,High,361.0265537760444,463.14436299742016,634.584906637204
Mine_C_Munsar,7,2024,792.1716719074732,237.65150157224195,398.2487566278727,0.7787377339624932,5,2,929.0922560928186,5,3,High,283.38135176813864,361.0265537760444,463.14436299742016
Mine_C_Munsar,8,2024,929.8191559617217,278.9457467885165,254.69007997673685,0.7488499159454435,7,2,1157.416624054678,8,2,High,237.65150157224195,283.38135176813864,361.0265537760444
Mine_C_Munsar,9,2024,1389.2350029451145,416.77050088353434,298.1350915033252,0.669738466852201,8,2,1740.9690857297423,5,3,High,278.9457467885165,237.65150157224195,283.38135176813864
Mine_C_Munsar,10,2024,1003.4949643932126,695.7641962292797,40.958297518840624,0.9815215466830873,18,4,1177.3188334728675,5,3,High,416.77050088353434,278.9457467885165,237.65150157224195
Mine_C_Munsar,11,2024,1290.41736999477,804.2659078434106,45.78945747491507,0.8880570546822488,20,3,1677.087436307678,7,2,High,695.7641962292797,416.77050088353434,278.9457467885165
Mine_C_Munsar,12,2024,876.3763961867912,473.87073826685094,3.748667059550442,0.8299946201002816,20,3,1008.676486650251,8,2,High,804.2659078434106,695.7641962292797,416.77050088353434
Mine_C_Munsar,1,2025,520.5023656780506,333.3280264841939,16.681478763970432,0.819422197908057,17,4,590.4164950610511,6,3,High,473.87073826685094,804.2659078434106,695.7641962292797
Mine_C_Munsar,2,2025,991.4965189689678,752.6378972920552,4.428746791786531,0.8934797753225129,21,3,1205.1236983897882,5,4,High,333.3280264841939,473.87073826685094,804.2659078434106
Mine_C_Munsar,3,2025,702.6957654780894,403.16945279806316,49.51393854454614,0.8872648582011151,20,3,878.277199126298,7,2,High,752.6378972920552,333.3280264841939,473.87073826685094
Mine_C_Munsar,4,2025,1238.151989796309,722.4272017487073,41.568077328772006,0.8119569306055003,20,4,1534.4562753433408,6,2,High,403.16945279806316,752.6378972920552,333.3280264841939
Mine_C_Munsar,5,2025,1071.073541129726,1305.4591919960285,42.0093355024202,0.9121025847760815,21,5,1287.424482470021,8,4,Low,722.4272017487073,403.16945279806316,752.6378972920552
Mine_C_Munsar,6,2025,981.9563948199291,294.5869184459787,405.2365358832786,0.6781223714964044,6,2,1090.620328174986,5,4,High,1305.4591919960285,722.4272017487073,403.16945279806316
Mine_C_Munsar,7,2025,796.2695334163404,238.88086002490212,320.4273992522625,0.6254551035172206,13,2,1028.7990885185309,6,2,High,294.5869184459787,1305.4591919960285,722.4272017487073
Mine_C_Munsar,8,2025,1251.2747777674929,375.38243333024786,381.1702001822914,0.6691782978253552,13,1,1548.3795258401844,8,4,High,238.88086002490212,294.5869184459787,1305.4591919960285
Mine_C_Munsar,9,2025,1331.3417486990497,451.4455417668657,217.53150401681566,0.7166459648617923,14,1,1698.1800298149494,7,3,High,375.38243333024786,238.88086002490212,294.5869184459787
Mine_C_Munsar,10,2025,896.909121878583,557.2435609353972,17.353856917571715,0.8272678334572912,18,3,1088.0385928935023,6,3,High,451.4455417668657,375.38243333024786,238.88086002490212
Mine_C_Munsar,11,2025,689.6611290687501,438.20449908953486,7.475971770651368,0.9433925403869482,20,3,779.1906149099033,7,2,High,557.2435609353972,451.4455417668657,375.38243333024786
Mine_C_Munsar,12,2025,612.255347866796,604.9866120052728,48.440710167903354,0.8770372580309256,24,3,758.2675027731827,7,4,Low,438.20449908953486,557.2435609353972,451.4455417668657
Mine_D_Balaghat,1,2016,1123.6333707356632,703.8639415715155,25.461028083503333,0.8478109799814034,24,5,1398.0982439731058,5,2,High,703.8639415715155,703.8639415715155,703.8639415715155
Mine_D_Balaghat,2,2016,890.3964275874954,803.321303282451,31.15381092494423,0.9119268181064114,18,4,1076.4633234715589,7,4,Medium,703.8639415715155,703.8639415715155,703.8639415715155
Mine_D_Balaghat,3,2016,977.534361379237,1181.2969000611927,22.13154685117875,0.9482973136772993,24,5,1235.3512908658124,8,3,Low,803.321303282451,703.8639415715155,703.8639415715155
Mine_D_Balaghat,4,2016,1427.375531605287,981.2920623798866,13.296738101510464,0.9624003287554936,22,5,1722.6565794100234,5,2,High,1181.2969000611927,803.321303282451,703.8639415715155
Mine_D_Balaghat,5,2016,1174.5897689212559,879.4880282250731,32.77809202696591,0.8480003046531109,18,4,1525.0999817321024,6,4,High,981.2920623798866,1181.2969000611927,803.321303282451
Mine_D_Balaghat,6,2016,859.182569204957,257.75477076148707,476.23368085233454,0.6308857532741301,13,1,1099.3180011334746,8,3,High,879.4880282250731,981.2920623798866,1181.2969000611927
Mine_D_Balaghat,7,2016,506.5983765217915,151.97951295653746,440.74850039391526,0.7112144136801574,7,1,658.255611307985,7,3,High,257.75477076148707,879.4880282250731,981.2920623798866
Mine_D_Balaghat,8,2016,1066.3387978220637,319.9016393466191,281.3326631675235,0.6320911898395738,8,2,1188.3547070049929,7,3,High,151.97951295653746,257.75477076148707,879.4880282250731
Mine_D_Balaghat,9,2016,1472.3272233829232,614.996635945088,237.77103077283346,0.7109960550481786,14,2,1759.957510166162,7,4,High,319.9016393466191,151.97951295653746,257.75477076148707
Mine_D_Balaghat,10,2016,1336.683801650467,1288.9046903444198,1.1384211168359692,0.9579640520480213,23,5,1668.257129148328,8,2,Low,614.996635945088,319.9016393466191,151.97951295653746
Mine_D_Balaghat,11,2016,617.4695863791434,609.720458799812,29.452165482560723,0.9478039007107529,25,4,747.5115735261477,7,3,Low,1288.9046903444198,614.996635945088,319.9016393466191
Mine_D_Balaghat,12,2016,784.1538749916823,534.099973026868,20.047385980209288,0.9018138719387053,19,3,909.415541881815,6,3,High,609.720458799812,1288.9046903444198,614.996635945088
Mine_D_Balaghat,1,2017,1457.2953989056678,812.3228109130744,10.77699416750591,0.8429716738346813,25,3,1822.2299979039833,5,2,High,534.099973026868,609.720458799812,1288.9046903444198
Mine_D_Balaghat,2,2017,1248.7671272536309,961.8722309387024,1.0695676721314051,0.9566240928161311,23,4,1469.5660252914377,6,2,High,812.3228109130744,534.099973026868,609.720458799812
Mine_D_Balaghat,3,2017,1445.970836012326,1262.7015721848472,39.14816255053877,0.9639973118012658,23,4,1751.1808628292117,5,4,High,961.8722309387024,812.3228109130744,534.099973026868
Mine_D_Balaghat,4,2017,1337.427504443026,1010.6947360403088,14.136450619152752,0.9650101795999215,22,5,1480.9695438371334,6,2,High,1262.7015721848472,961.8722309387024,812.3228109130744
Mine_D_Balaghat,5,2017,769.250254383282,586.6347723938829,16.66543022214291,0.9633395271180395,16,5,951.3615937368029,6,3,High,1010.6947360403088,1262.7015721848472,961.8722309387024
Mine_D_Balaghat,6,2017,954.6456927792277,286.3937078337683,247.16989993409032,0.6381063644705212,6,2,1224.4663742425366,6,3,High,586.6347723938829,1010.6947360403088,1262.7015721848472
Mine_D_Balaghat,7,2017,1248.6318102032228,374.58954306096683,285.8142789853307,0.6845742390679037,5,1,1519.3497493198763,8,4,High,286.3937078337683,586.6347723938829,1010.6947360403088
Mine_D_Balaghat,8,2017,1343.247397235556,402.9742191706668,469.0179641777989,0.781492121507812,7,1,1578.6423533103546,6,4,High,374.58954306096683,286.3937078337683,586.6347723938829
Mine_D_Balaghat,9,2017,1380.3594504907358,414.1078351472207,209.1957664918047,0.6610960125817816,5,1,1783.4879228489099,7,4,High,402.9742191706668,374.58954306096683,286.3937078337683
Mine_D_Balaghat,10,2017,582.9819809254622,601.474250697868,32.576049047011594,0.9931992852871268,21,5,706.3704652131368,5,4,Low,414.1078351472207,402.9742191706668,374.58954306096683
Mine_D_Balaghat,11,2017,1467.3555573275166,1335.7124601045828,28.757560426937474,0.8262972999069091,18,5,1890.9132513589025,7,4,Medium,601.474250697868,414.1078351472207,402.9742191706668
Mine_D_Balaghat,12,2017,1405.2874619538375,988.3939759297749,44.23967176071801,0.8010012113352526,21,3,1730.5549053458788,8,3,High,1335.7124601045828,601.474250697868,414.1078351472207
Mine_D_Balaghat,1,2018,824.0681941849382,466.9334643718064,25.160131153339343,0.857191893977397,23,4,967.7717589633576,5,2,High,988.3939759297749,1335.7124601045828,601.474250697868
Mine_D_Balaghat,2,2018,1443.9684022375109,1256.1609252683877,8.527395045424536,0.993292067465823,21,3,1599.4376166203779,6,4,High,466.9334643718064,988.3939759297749,1335.7124601045828
Mine_D_Balaghat,3,2018,880.0646543812038,396.05241848597706,12.195254549457957,0.9077371525140691,15,3,1141.378100560693,5,2,High,1256.1609252683877,466.9334643718064,988.3939759297749
Mine_D_Balaghat,4,2018,1436.0329236865487,1110.561558221302,25.11695538918517,0.807587066619137,25,5,1759.1753483148418,7,2,High,396.05241848597706,1256.1609252683877,466.9334643718064
Mine_D_Balaghat,5,2018,1288.7585242134041,752.516162011118,48.478404759346624,0.8130880045586204,21,5,1639.1757836574404,5,2,High,1110.561558221302,396.05241848597706,1256.1609252683877
Mine_D_Balaghat,6,2018,666.2310250150435,199.86930750451305,298.1001566612563,0.7311546753553878,5,2,823.828383034361,5,4,High,752.516162011118,1110.561558221302,396.05241848597706
Mine_D_Balaghat,7,2018,1005.9861821392615,301.7958546417784,212.97326473980954,0.7452550575967789,10,1,1163.2425067563795,7,2,High,199.86930750451305,752.516162011118,1110.561558221302
Mine_D_Balaghat,8,2018,677.6923051869255,203.30769155607766,328.76000374676744,0.6416667488725493,12,1,849.731696195119,5,2,High,301.7958546417784,199.86930750451305,752.516162011118
Mine_D_Balaghat,9,2018,1091.6050644348043,327.48151933044124,462.92646852920467,0.7786156039934253,6,2,1313.5636307084062,5,3,High,203.30769155607766,301.7958546417784,199.86930750451305
Mine_D_Balaghat,10,2018,1137.6071989623863,1120.766229461954,46.83110679940049,0.9698145973601283,24,5,1262.7134647018618,5,4,Low,327.48151933044124,203.30769155607766,301.7958546417784
Mine_D_Balaghat,11,2018,962.3231509283016,697.2779500905259,27.409323002945314,0.9645816969256286,20,3,1226.8122289504704,7,2,High,1120.766229461954,327.48151933044124,203.30769155607766
Mine_D_Balaghat,12,2018,1397.7623436148128,838.6014641301326,35.24570341657698,0.9248437910927395,19,3,1768.144255498897,6,2,High,697.2779500905259,1120.766229461954,327.48151933044124
Mine_D_Balaghat,1,2019,659.0906714692145,790.0523306253485,38.11925357624792,0.9536790730734146,25,5,828.8042668238745,6,4,Low,838.6014641301326,697.2779500905259,1120.766229461954
Mine_D_Balaghat,2,2019,1346.3450572881475,967.0054605099687,11.485465244229465,0.9502562628862271,19,3,1675.2150520757693,6,3,High,790.0523306253485,838.6014641301326,697.2779500905259
Mine_D_Balaghat,3,2019,992.8361760924138,855.5687859991764,14.788538853375494,0.9681064939477253,16,5,1256.3484489799264,7,3,High,967.0054605099687,790.0523306253485,838.6014641301326
Mine_D_Balaghat,4,2019,520.3643267225978,436.45560403100114,2.9751513691955056,0.8615187231196579,18,5,650.5304803579754,5,4,High,855.5687859991764,967.0054605099687,790.0523306253485
Mine_D_Balaghat,5,2019,595.9092838429273,362.27411040993053,38.89596102137557,0.8899843486739907,24,3,709.2951545495071,5,2,High,436.45560403100114,855.5687859991764,967.0054605099687
Mine_D_Balaghat,6,2019,1283.4753824909471,385.0426147472841,264.2900620823602,0.6629118818425828,8,2,1618.9138707713994,6,3,High,362.27411040993053,436.45560403100114,855.5687859991764
Mine_D_Balaghat,7,2019,941.2275697088847,282.3682709126654,327.57471274823814,0.6525126913517044,6,2,1197.8430150700692,8,2,High,385.0426147472841,362.27411040993053,436.45560403100114
Mine_D_Balaghat,8,2019,926.574052584521,277.9722157753563,326.6953221090706,0.7145445616989322,5,2,1054.2288582338756,6,3,High,282.3682709126654,385.0426147472841,362.27411040993053
Mine_D_Balaghat,9,2019,511.4227804444114,153.4268341333234,251.42257709329033,0.6561232913407673,5,2,597.5013063105998,6,4,High,277.9722157753563,282.3682709126654,385.0426147472841
Mine_D_Balaghat,10,2019,531.0229791716988,472.26221366034457,17.007363329586994,0.8724728766670947,15,4,628.1325672788192,8,4,High,153.4268341333234,277.9722157753563,282.3682709126654
Mine_D_Balaghat,11,2019,832.2240314204239,742.0824090082594,35.59979376584233,0.9017581158851479,22,5,996.2790498350682,8,2,High,472.26221366034457,153.4268341333234,277.9722157753563
Mine_D_Balaghat,12,2019,968.0413135823511,620.1018799786074,37.24630670521515,0.8687026310203179,22,3,1190.1776722808336,8,2,High,742.0824090082594,472.26221366034457,153.4268341333234
Mine_D_Balaghat,1,2020,1231.7112723504288,1081.1220354673214,41.64072880616597,0.8459020971479649,16,5,1398.1769859316787,8,3,High,620.1018799786074,742.0824090082594,472.26221366034457
Mine_D_Balaghat,2,2020,1070.1835224899382,794.9759993084792,39.50023651018817,0.8108781717778221,16,4,1266.2684691133427,7,4,High,1081.1220354673214,620.1018799786074,742.0824090082594
Mine_D_Balaghat,3,2020,1374.8673366364897,641.9361986967708,6.645513654298563,0.85383946260345,15,3,1586.6956867212368,7,2,High,794.9759993084792,1081.1220354673214,620.1018799786074
Mine_D_Balaghat,4,2020,1413.3337996069731,910.9199213638449,11.12467417620125,0.8927615003486224,18,5,1834.2915127263311,6,2,High,641.9361986967708,794.9759993084792,1081.1220354673214
Mine_D_Balaghat,5,2020,831.5094176684801,772.1367795422129,44.520651242951004,0.826424862053367,20,4,972.5366612453621,8,4,Medium,910.9199213638449,641.9361986967708,794.9759993084792
Mine_D_Balaghat,6,2020,1167.77481466598,385.43869560927527,323.8257031145316,0.7751752555642966,12,1,1379.9861410538679,8,3,High,772.1367795422129,910.9199213638449,641.9361986967708
Mine_D_Balaghat,7,2020,1029.2728314403757,308.7818494321127,237.5004524582689,0.6798077067576797,7,2,1285.3567708446533,7,3,High,385.43869560927527,772.1367795422129,910.9199213638449
Mine_D_Balaghat,8,2020,1240.643109318653,372.1929327955959,297.095925847248,0.7734143932416039,6,1,1601.3345624569552,6,3,High,308.7818494321127,385.43869560927527,772.1367795422129
Mine_D_Balaghat,9,2020,638.0614196833603,191.4184259050081,391.99091023510516,0.643414086522965,6,1,750.551459612081,8,2,High,372.1929327955959,308.7818494321127,385.43869560927527
Mine_D_Balaghat,10,2020,1410.9531882940742,1015.6703231709018,12.226302147433648,0.9323953345926439,17,5,1788.8938404763364,5,3,High,191.4184259050081,372.1929327955959,308.7818494321127
Mine_D_Balaghat,11,2020,876.9269548805378,827.4295657492752,39.70333418188151,0.9295495748783817,24,5,1075.9613019566432,6,3,Medium,1015.6703231709018,191.4184259050081,372.1929327955959
Mine_D_Balaghat,12,2020,811.249937185298,548.9510311862945,1.3567886538586371,0.8314227866254843,17,5,946.0216647339374,6,3,High,827.4295657492752,1015.6703231709018,191.4184259050081
Mine_D_Balaghat,1,2021,791.6323072695125,359.02889242439124,8.499304771607347,0.8331711726260239,19,3,1014.4789728522063,5,2,High,548.9510311862945,827.4295657492752,1015.6703231709018
Mine_D_Balaghat,2,2021,946.7818001490093,1003.6980628006108,46.816235418343325,0.8970231346459387,25,4,1200.3814353646499,8,3,Low,359.02889242439124,548.9510311862945,827.4295657492752
Mine_D_Balaghat,3,2021,1140.4062269084588,1115.947034451608,21.07705147354925,0.844142925300079,25,5,1463.5905662897737,6,4,Low,1003.6980628006108,359.02889242439124,548.9510311862945
Mine_D_Balaghat,4,2021,970.5745946444022,793.7952893232152,3.6832774343095123,0.8199866379857617,18,4,1121.1521675361803,7,4,High,1115.947034451608,1003.6980628006108,359.02889242439124
Mine_D_Balaghat,5,2021,513.5393503006444,608.8355103691375,46.25960876030171,0.9049272924803996,21,5,569.6247424851791,8,4,Low,793.7952893232152,1115.947034451608,1003.6980628006108
Mine_D_Balaghat,6,2021,805.5078837634549,241.65236512903644,344.6765848161401,0.7523166804980268,12,1,993.50540510001,5,4,High,608.8355103691375,793.7952893232152,1115.947034451608
Mine_D_Balaghat,7,2021,765.8528742758086,229.75586228274258,473.64725491294223,0.7312384105296594,8,1,864.7503513504508,8,3,High,241.65236512903644,608.8355103691375,793.7952893232152
Mine_D_Balaghat,8,2021,1364.5142541947876,409.35427625843624,397.04589421581187,0.6628678216787441,14,1,1697.3887944161381,7,4,High,229.75586228274258,241.65236512903644,608.8355103691375
Mine_D_Balaghat,9,2021,569.5446822106203,175.51789977571218,369.4496377055053,0.6985469348161473,13,1,639.8103498546435,8,3,High,409.35427625843624,229.75586228274258,241.65236512903644
Mine_D_Balaghat,10,2021,1458.1176277382624,1429.7216293938552,10.728245044821156,0.9397250854769266,22,5,1781.0245492901238,7,3,Low,175.51789977571218,409.35427625843624,229.75586228274258
Mine_D_Balaghat,11,2021,569.2564183062098,553.8395296771442,46.801743220924244,0.8355388691121874,22,5,653.3518906374519,6,4,Low,1429.7216293938552,175.51789977571218,409.35427625843624
Mine_D_Balaghat,12,2021,1472.1968339588616,1741.461154989352,46.844122599586655,0.8710811576611379,23,5,1913.0269793044165,8,4,Low,553.8395296771442,1429.7216293938552,175.51789977571218
Mine_D_Balaghat,1,2022,511.6173021826682,278.95036310115705,10.765988470337613,0.8314132872910155,21,3,630.8943309876256,7,2,High,1741.461154989352,553.8395296771442,1429.7216293938552
Mine_D_Balaghat,2,2022,864.2545533718176,404.79424643943463,21.17002725975004,0.8054365497679454,15,3,998.1757125723043,6,2,High,278.95036310115705,1741.461154989352,553.8395296771442
Mine_D_Balaghat,3,2022,1231.6878182987193,1075.8465385783104,29.009567846567112,0.9397061772831399,21,3,1437.505750172652,8,3,High,404.79424643943463,278.95036310115705,1741.461154989352
Mine_D_Balaghat,4,2022,1019.892196893767,626.9241846043498,29.599437789452082,0.9156624165529705,18,4,1157.9647445648432,6,2,High,1075.8465385783104,404.79424643943463,278.95036310115705
Mine_D_Balaghat,5,2022,1183.761040566421,652.6796061142859,40.9116062602767,0.9447147596255079,21,3,1514.5126499823016,5,2,High,626.9241846043498,1075.8465385783104,404.79424643943463
Mine_D_Balaghat,6,2022,1479.9871909893754,443.9961572968126,486.361345445996,0.6491812299117974,6,2,1686.9281639555986,6,4,High,652.6796061142859,626.9241846043498,1075.8465385783104
Mine_D_Balaghat,7,2022,1207.9210854038092,362.37632562114277,377.21196004100443,0.6383242166408281,6,2,1399.2253655224836,8,4,High,443.9961572968126,652.6796061142859,626.9241846043498
Mine_D_Balaghat,8,2022,680.2546955661164,204.07640866983493,374.5284791515024,0.754671739387745,9,2,772.9390692439567,6,3,High,362.37632562114277,443.9961572968126,652.6796061142859
Mine_D_Balaghat,9,2022,1128.6065897347544,338.5819769204263,311.8218238073148,0.6959511242316749,5,1,1400.5578472998584,6,3,High,204.07640866983493,362.37632562114277,443.9961572968126
Mine_D_Balaghat,10,2022,511.46996594811054,415.7082478963041,31.970159795485557,0.9737694608687575,16,4,642.4904251761676,7,3,High,338.5819769204263,204.07640866983493,362.37632562114277
Mine_D_Balaghat,11,2022,1391.8640252213945,1397.2061690447138,25.084789777842342,0.9637606487813143,24,4,1623.817231305372,6,4,Low,415.7082478963041,338.5819769204263,204.07640866983493
Mine_D_Balaghat,12,2022,635.7999357419649,511.5642805677598,17.186289612060197,0.8829785547637157,21,3,750.8466569743041,8,3,High,1397.2061690447138,415.7082478963041,338.5819769204263
Mine_D_Balaghat,1,2023,898.7059914840188,650.7266229508475,35.802132524409544,0.9360168644879847,17,4,1094.8468304514759,5,4,High,511.5642805677598,1397.2061690447138,415.7082478963041
Mine_D_Balaghat,2,2023,650.6347856437949,479.6355115699204,36.61876100864465,0.8098620425796916,25,5,841.5878518171725,6,2,High,650.7266229508475,511.5642805677598,1397.2061690447138
Mine_D_Balaghat,3,2023,1286.6001922404257,969.6387796390723,23.33953860583587,0.8240917909039867,15,5,1633.651942506597,8,3,High,479.6355115699204,650.7266229508475,511.5642805677598
Mine_D_Balaghat,4,2023,1018.5385836448359,713.9533840589528,42.55525655396604,0.8366404922404868,24,5,1314.140826649011,6,2,High,969.6387796390723,479.6355115699204,650.7266229508475
Mine_D_Balaghat,5,2023,997.9050778710316,704.2046597743821,39.411515091193664,0.8479587682434974,20,3,1156.8459777775884,7,3,High,713.9533840589528,969.6387796390723,479.6355115699204
Mine_D_Balaghat,6,2023,951.6069714520218,285.4820914356065,476.97509277984153,0.779646843710059,9,2,1236.3489005715992,6,4,High,704.2046597743821,713.9533840589528,969.6387796390723
Mine_D_Balaghat,7,2023,1127.1314132549503,338.1394239764851,205.53109386055655,0.7650895345012835,7,2,1342.7097067507495,5,2,High,285.4820914356065,704.2046597743821,713.9533840589528
Mine_D_Balaghat,8,2023,917.9458574883936,275.3837572465181,484.03274082640837,0.6725413229210779,5,1,1062.8182111781925,8,2,High,338.1394239764851,285.4820914356065,704.2046597743821
Mine_D_Balaghat,9,2023,833.6414700162981,250.0924410048894,388.89326233873624,0.6238712828857761,10,1,1004.7657147433493,8,4,High,275.3837572465181,338.1394239764851,285.4820914356065
Mine_D_Balaghat,10,2023,1309.4231086491461,951.92460427075,44.86293582006455,0.898276934510844,24,4,1525.7711621797323,5,3,High,250.0924410048894,275.3837572465181,338.1394239764851
Mine_D_Balaghat,11,2023,940.5768050487791,813.5307683618031,46.441451844395246,0.9867884941357753,19,5,1133.62600833574,6,3,High,951.92460427075,250.0924410048894,275.3837572465181
Mine_D_Balaghat,12,2023,1459.1295447855405,946.9581681354997,28.46212699970862,0.8846324188036228,18,5,1611.559642433871,5,3,High,813.5307683618031,951.92460427075,250.0924410048894
Mine_D_Balaghat,1,2024,1336.312411222948,858.5047068471409,28.884781050869506,0.8431247512658425,22,5,1727.4942215453839,5,2,High,946.9581681354997,813.5307683618031,951.92460427075
Mine_D_Balaghat,2,2024,988.5565172985384,564.1972688924066,7.675596441368987,0.8012951354240107,17,4,1254.1324236433325,5,3,High,858.5047068471409,946.9581681354997,813.5307683618031
Mine_D_Balaghat,3,2024,603.9455403300926,315.3226535741897,2.4664930396725016,0.8194091453698242,16,3,777.603627782028,8,2,High,564.1972688924066,858.5047068471409,946.9581681354997
Mine_D_Balaghat,4,2024,770.5128802812395,715.4369423849101,48.023056054459126,0.9018001094907768,18,4,862.3532535246568,7,4,Medium,315.3226535741897,564.1972688924066,858.5047068471409
Mine_D_Balaghat,5,2024,744.1675871277694,569.1962652334184,15.833321158573,0.85088024411507,18,4,905.4969622006871,7,3,High,715.4369423849101,315.3226535741897,564.1972688924066
Mine_D_Balaghat,6,2024,1386.4758252221002,415.94274756663003,329.4340473544471,0.7358062410441024,10,2,1764.070217713949,8,2,High,569.1962652334184,715.4369423849101,315.3226535741897
Mine_D_Balaghat,7,2024,866.5019623566677,259.9505887070003,369.5930438235463,0.6583572218773543,8,1,978.3461026572488,8,2,High,415.94274756663003,569.1962652334184,715.4369423849101
Mine_D_Balaghat,8,2024,626.1031448240774,187.8309434472232,422.8499046183704,0.7008305730467042,11,2,745.2918225148265,8,3,High,259.9505887070003,415.94274756663003,569.1962652334184
Mine_D_Balaghat,9,2024,977.9516075646993,295.62098334204126,229.83899868177235,0.7618786502436699,12,2,1106.4524979387356,5,4,High,187.8309434472232,259.9505887070003,415.94274756663003
Mine_D_Balaghat,10,2024,1231.823273757988,959.3834005400288,45.19755623360051,0.8811835880190803,22,3,1537.2558725594747,5,4,High,295.62098334204126,187.8309434472232,259.9505887070003
Mine_D_Balaghat,11,2024,1157.7084698434405,989.3145942715842,44.2715763263803,0.869823526382925,24,5,1362.5727954171273,8,2,High,959.3834005400288,295.62098334204126,187.8309434472232
Mine_D_Balaghat,12,2024,1379.974881013693,1068.1330220401182,40.06136505351561,0.9969715062962285,18,3,1645.9381013537595,5,4,High,989.3145942715842,959.3834005400288,295.62098334204126
Mine_D_Balaghat,1,2025,792.0253156556346,780.441686897134,22.035146505540006,0.9839015724386972,25,4,985.0576763657938,5,4,Low,1068.1330220401182,989.3145942715842,959.3834005400288
Mine_D_Balaghat,2,2025,1311.406213018437,1034.180276388593,27.01903433986806,0.9993725344133422,25,4,1628.8824519084624,6,2,High,780.441686897134,1068.1330220401182,989.3145942715842
Mine_D_Balaghat,3,2025,1356.571704842389,1198.2986994997436,28.11948279813048,0.9886855980456767,22,5,1550.6794717337852,5,3,High,1034.180276388593,780.441686897134,1068.1330220401182
Mine_D_Balaghat,4,2025,611.7659406869968,505.23112430709284,14.402647155142134,0.9886940941393219,23,5,679.1121801965435,6,2,High,1198.2986994997436,1034.180276388593,780.441686897134
Mine_D_Balaghat,5,2025,1252.5366141589063,1100.9647716308166,47.088469885869564,0.9655383477538582,21,5,1448.7592199140051,6,3,High,505.23112430709284,1198.2986994997436,1034.180276388593
Mine_D_Balaghat,6,2025,599.6223948229348,179.88671844688042,447.87534050033105,0.7979442578298681,7,1,752.1579800084322,5,3,High,1100.9647716308166,505.23112430709284,1198.2986994997436
Mine_D_Balaghat,7,2025,1156.7313025480612,347.01939076441835,416.09445751047895,0.6348022371237522,12,1,1439.9157609387257,5,3,High,179.88671844688042,1100.9647716308166,505.23112430709284
Mine_D_Balaghat,8,2025,1073.6804424688162,322.10413274064484,313.77096656707334,0.7685576429970327,9,2,1289.0969938616286,6,2,High,347.01939076441835,179.88671844688042,1100.9647716308166
Mine_D_Balaghat,9,2025,720.4821250799129,216.14463752397384,440.71240914390444,0.7364563026883526,6,1,867.8875172949581,5,2,High,322.10413274064484,347.01939076441835,179.88671844688042
Mine_D_Balaghat,10,2025,980.2868678861059,646.1481176093722,2.9908712568944953,0.9318213827630386,20,3,1093.8997886830603,7,2,High,216.14463752397384,322.10413274064484,347.01939076441835
Mine_D_Balaghat,11,2025,1122.0636309768006,579.3230232666346,4.271744699148433,0.8760892584526261,20,3,1241.6267027108977,6,2,High,646.1481176093722,216.14463752397384,322.10413274064484
Mine_D_Balaghat,12,2025,1023.0558707238436,920.9585588056309,18.385451280206727,0.9561896457935055,25,4,1312.4618399509045,6,3,Medium,579.3230232666346,646.1481176093722,216.14463752397384
Mine_E_Kandri,1,2016,1010.5670106790033,1021.5219654163426,8.853391497602292,0.9039799983221707,25,5,1292.7893669966772,5,4,Low,1021.5219654163426,1021.5219654163426,1021.5219654163426
Mine_E_Kandri,2,2016,704.1680985485064,557.7795102878212,40.37751121384928,0.9761649247604113,15,5,899.493163645518,5,4,High,1021.5219654163426,1021.5219654163426,1021.5219654163426
Mine_E_Kandri,3,2016,837.2704655447774,779.5741440463244,8.602074884702137,0.8485551210607963,22,3,992.342416045132,8,4,Medium,557.7795102878212,1021.5219654163426,1021.5219654163426
Mine_E_Kandri,4,2016,650.9815237125595,482.8219227648044,10.615378655451291,0.8580001493101637,18,3,788.4810883472678,8,3,High,779.5741440463244,557.7795102878212,1021.5219654163426
Mine_E_Kandri,5,2016,857.9138024289318,629.539486194193,13.35047282644708,0.8802193136515036,24,3,1024.4218981460629,8,2,High,482.8219227648044,779.5741440463244,557.7795102878212
Mine_E_Kandri,6,2016,712.2671268428256,213.6801380528477,343.9150601549085,0.66962785022411,12,1,897.890395958869,5,2,High,629.539486194193,482.8219227648044,779.5741440463244
Mine_E_Kandri,7,2016,1396.587277183733,469.9287748465516,252.98177823394826,0.7349313286242585,14,1,1761.760460592164,6,4,High,213.6801380528477,629.539486194193,482.8219227648044
Mine_E_Kandri,8,2016,794.7990947734027,283.86288285477036,327.379218612546,0.6847177547940212,14,2,1000.8814558583613,8,4,High,469.9287748465516,213.6801380528477,629.539486194193
Mine_E_Kandri,9,2016,1398.126920077717,419.4380760233151,419.408320211223,0.633444720761459,12,2,1580.9953710365946,5,2,High,283.86288285477036,469.9287748465516,213.6801380528477
Mine_E_Kandri,10,2016,742.2259190928775,514.9387293090003,30.14632044972633,0.9991703859152736,17,4,862.5185713685954,7,2,High,419.4380760233151,283.86288285477036,469.9287748465516
Mine_E_Kandri,11,2016,510.7832227222634,395.0360355065168,22.019045548535825,0.9577538694158613,20,5,648.3805874559464,5,3,High,514.9387293090003,419.4380760233151,283.86288285477036
Mine_E_Kandri,12,2016,943.6598592100167,862.8634700152866,48.35747084384948,0.8941227142747972,17,4,1203.1901768941307,8,3,Medium,395.0360355065168,514.9387293090003,419.4380760233151
Mine_E_Kandri,1,2017,517.5876342524484,411.89623593547174,42.1245652512832,0.8880921065877476,15,4,616.0893109305756,8,3,High,862.8634700152866,395.0360355065168,514.9387293090003
Mine_E_Kandri,2,2017,774.9719568297363,849.2710103809231,49.50320842330414,0.9821477451361483,20,5,881.5893800791438,7,4,Low,411.89623593547174,862.8634700152866,395.0360355065168
Mine_E_Kandri,3,2017,1368.3053732447866,1156.0897348090061,21.27262932390738,0.870790621984749,24,3,1581.0580939471463,8,3,High,849.2710103809231,411.89623593547174,862.8634700152866
Mine_E_Kandri,4,2017,921.1457202976201,486.5962497010592,37.38192784965534,0.8669413504446979,20,3,1128.277093689185,6,2,High,1156.0897348090061,849.2710103809231,411.89623593547174
Mine_E_Kandri,5,2017,774.1046876632477,645.6976057621897,6.977796044873719,0.9999363069430336,19,4,969.8081533955026,6,3,High,486.5962497010592,1156.0897348090061,849.2710103809231
Mine_E_Kandri,6,2017,1335.2202799948736,400.5660839984621,345.06393156719304,0.7545758374278171,5,1,1702.8207957395307,6,4,High,645.6976057621897,486.5962497010592,1156.0897348090061
Mine_E_Kandri,7,2017,1082.1730627718543,324.6519188315563,266.39877488708896,0.7766262027226262,13,1,1277.7796308269174,5,4,High,400.5660839984621,645.6976057621897,486.5962497010592
Mine_E_Kandri,8,2017,1036.6372383569378,310.99117150708133,434.0456583867079,0.6927298481019701,6,1,1315.27607356177,8,4,High,324.6519188315563,400.5660839984621,645.6976057621897
Mine_E_Kandri,9,2017,1322.4371169054598,396.73113507163794,433.85026175130815,0.7438271054591515,10,1,1644.9996756610487,7,3,High,310.99117150708133,324.6519188315563,400.5660839984621
Mine_E_Kandri,10,2017,673.400401675684,738.2544031944108,47.90707487803553,0.9258758548512914,25,4,753.9569617800939,7,4,Low,396.73113507163794,310.99117150708133,324.6519188315563
Mine_E_Kandri,11,2017,914.4113199415173,642.1237683068271,32.672737239925794,0.8711573247223396,24,3,1018.3864399497085,6,3,High,738.2544031944108,396.73113507163794,310.99117150708133
Mine_E_Kandri,12,2017,1318.0095152105273,1345.2885756642913,25.790005299586543,0.9375493801089461,18,5,1571.2852186088453,7,4,Low,642.1237683068271,738.2544031944108,396.73113507163794
Mine_E_Kandri,1,2018,649.5091112800558,586.7518355229286,27.377984993721498,0.9880438989333724,16,3,838.04898228906,8,4,Medium,1345.2885756642913,642.1237683068271,738.2544031944108
Mine_E_Kandri,2,2018,504.2065452760373,307.90578960162713,8.194447339423267,0.9164004924561937,21,3,617.5339009250732,5,3,High,586.7518355229286,1345.2885756642913,642.1237683068271
Mine_E_Kandri,3,2018,542.2716352217761,401.8513537477478,31.06799507978218,0.8349957017908387,21,4,673.7046165666209,7,3,High,307.90578960162713,586.7518355229286,1345.2885756642913
Mine_E_Kandri,4,2018,1008.2409786985202,663.7574703149954,46.20121306384324,0.9139266122141769,15,5,1198.2854880623254,6,2,High,401.8513537477478,307.90578960162713,586.7518355229286
Mine_E_Kandri,5,2018,532.5356030272851,557.0269645596451,18.72426334595245,0.8995894667016069,24,5,658.9748739826292,8,3,Low,663.7574703149954,401.8513537477478,307.90578960162713
Mine_E_Kandri,6,2018,1256.8815180210026,377.0644554063008,450.22257951731234,0.6937743813953221,13,2,1590.4803833436522,8,2,High,557.0269645596451,663.7574703149954,401.8513537477478
Mine_E_Kandri,7,2018,1328.2573867905232,398.47721603715695,345.90932554499676,0.7624840926433333,8,1,1664.3449828423013,6,2,High,377.0644554063008,557.0269645596451,663.7574703149954
Mine_E_Kandri,8,2018,1417.1281764850314,559.4200908434818,201.17800583639718,0.7990485931135369,14,2,1591.5301239570795,6,3,High,398.47721603715695,377.0644554063008,557.0269645596451
Mine_E_Kandri,9,2018,728.483547990047,218.5450643970141,462.74209665540235,0.792974785877509,9,1,826.976942183307,5,3,High,559.4200908434818,398.47721603715695,377.0644554063008
Mine_E_Kandri,10,2018,1217.943221594275,850.3857027907762,18.208582047888015,0.8832664004352164,17,4,1370.6743567063122,8,2,High,218.5450643970141,559.4200908434818,398.47721603715695
Mine_E_Kandri,11,2018,928.581859293113,813.1323440783887,35.091983979723885,0.9436153874719193,24,4,1130.4284714760047,6,3,High,850.3857027907762,218.5450643970141,559.4200908434818
Mine_E_Kandri,12,2018,773.6301257265646,791.7305271726979,4.230563075194299,0.9829966519196145,19,5,907.6568780393451,6,4,Low,813.1323440783887,850.3857027907762,218.5450643970141
Mine_E_Kandri,1,2019,843.2693571641372,522.8212270073129,28.988686088575626,0.864003662994385,15,5,1051.9471188049756,5,3,High,791.7305271726979,813.1323440783887,850.3857027907762
Mine_E_Kandri,2,2019,1207.2525285834176,947.3615017129052,0.016161584040697008,0.8843926732417171,22,4,1506.3374827650973,6,3,High,522.8212270073129,791.7305271726979,813.1323440783887
Mine_E_Kandri,3,2019,1094.7598801286852,1340.9395462025495,29.77806521933545,0.9064105702369524,25,5,1419.1770149225922,7,4,Low,947.3615017129052,522.8212270073129,791.7305271726979
Mine_E_Kandri,4,2019,1122.6884933467077,754.763687944069,31.09971367696824,0.8622876137472202,17,4,1332.8883551998051,7,3,High,1340.9395462025495,947.3615017129052,522.8212270073129
Mine_E_Kandri,5,2019,866.8550262593901,518.0645647124508,21.502898752440817,0.9376539905610423,17,4,1116.239326910201,6,2,High,754.763687944069,1340.9395462025495,947.3615017129052
Mine_E_Kandri,6,2019,580.5917193567049,206.5131561762864,257.4096588696219,0.7493117363064382,10,2,659.1641725577183,8,4,High,518.0645647124508,754.763687944069,1340.9395462025495
Mine_E_Kandri,7,2019,856.3823948378468,256.914718451354,377.37531659862964,0.7460757153692964,14,1,952.0207594725129,5,3,High,206.5131561762864,518.0645647124508,754.763687944069
Mine_E_Kandri,8,2019,1313.4316728132176,394.02950184396525,372.2216106123685,0.7359062677871258,8,2,1500.8866775320155,7,2,High,256.914718451354,206.5131561762864,518.0645647124508
Mine_E_Kandri,9,2019,993.7615892785053,298.1284767835516,466.3191551267102,0.6768868962073147,10,2,1108.3891384441167,7,2,High,394.02950184396525,256.914718451354,206.5131561762864
Mine_E_Kandri,10,2019,1443.8162463167241,910.0094912901342,14.410113951196196,0.8889604855937338,19,3,1764.8428085373944,6,3,High,298.1284767835516,394.02950184396525,256.914718451354
Mine_E_Kandri,11,2019,1464.0281610084137,1214.9411324038977,36.1401876086908,0.8904090879854926,18,5,1891.884454335442,8,2,High,910.0094912901342,298.1284767835516,394.02950184396525
Mine_E_Kandri,12,2019,929.3806258215644,708.0713724220672,44.07583988023499,0.8518497218607377,15,5,1084.607672549717,6,4,High,1214.9411324038977,910.0094912901342,298.1284767835516
Mine_E_Kandri,1,2020,1111.8450609240545,1078.7341626173427,3.610015381057463,0.9120893630786396,25,3,1316.3775796624468,7,4,Low,708.0713724220672,1214.9411324038977,910.0094912901342
Mine_E_Kandri,2,2020,1287.4613052384857,1263.6453552328098,2.2925482446683243,0.8958729590872275,22,4,1541.7199233139122,7,4,Low,1078.7341626173427,708.0713724220672,1214.9411324038977
Mine_E_Kandri,3,2020,668.7981295128095,609.0724213216666,48.85849910354165,0.8962803424485806,24,5,765.685079324882,6,3,Medium,1263.6453552328098,1078.7341626173427,708.0713724220672
Mine_E_Kandri,4,2020,923.2889090331967,627.6304646061094,45.12283919637756,0.9402958743793425,15,5,1120.3623121031412,5,3,High,609.0724213216666,1263.6453552328098,1078.7341626173427
Mine_E_Kandri,5,2020,612.0472192745044,433.2022571040068,2.675958773118409,0.9580883732637722,18,3,708.6147050586432,5,4,High,627.6304646061094,609.0724213216666,1263.6453552328098
Mine_E_Kandri,6,2020,1036.5741242090776,333.0800732721634,283.27968942043026,0.761956952117162,12,2,1163.2422493634108,5,4,High,433.2022571040068,627.6304646061094,609.0724213216666
Mine_E_Kandri,7,2020,1292.8549801434046,387.85649404302137,464.72584987176833,0.6133811276118776,8,2,1660.5963605191212,7,4,High,333.0800732721634,433.2022571040068,627.6304646061094
Mine_E_Kandri,8,2020,1020.6448388642573,306.1934516592772,388.3649863775925,0.6032162804008445,6,1,1299.0829668891208,7,3,High,387.85649404302137,333.0800732721634,433.2022571040068
Mine_E_Kandri,9,2020,1196.686149465343,359.0058448396029,481.8704063636515,0.627158131668077,12,1,1502.0348890341097,5,2,High,306.1934516592772,387.85649404302137,333.0800732721634
Mine_E_Kandri,10,2020,1368.0406886474075,1251.2940330010535,31.86474000804691,0.9317851086399296,21,5,1596.3604547012937,6,3,Medium,359.0058448396029,306.1934516592772,387.85649404302137
Mine_E_Kandri,11,2020,1374.076127069379,1038.208320892547,18.454828409962825,0.8905085861650371,23,3,1688.3381756323115,5,4,High,1251.2940330010535,359.0058448396029,306.1934516592772
Mine_E_Kandri,12,2020,1034.947775052429,706.6629178733599,35.37863738832795,0.8564523932615768,18,5,1232.1877571285233,5,3,High,1038.208320892547,1251.2940330010535,359.0058448396029
Mine_E_Kandri,1,2021,762.6921005660093,474.3658524974935,42.47196676638667,0.8505582336828981,20,3,905.0713551427149,8,2,High,706.6629178733599,1038.208320892547,1251.2940330010535
Mine_E_Kandri,2,2021,1051.5845627877077,876.2975952110586,43.262653040398035,0.8263506859182272,24,4,1231.3105530550088,7,3,High,474.3658524974935,706.6629178733599,1038.208320892547
Mine_E_Kandri,3,2021,1282.9399398596793,1416.6804885572365,7.23309053585115,0.9309063793234789,21,5,1622.2072115636165,7,4,Low,876.2975952110586,474.3658524974935,706.6629178733599
Mine_E_Kandri,4,2021,640.2669317573543,471.96578467712783,21.213322192015703,0.979012311347898,22,5,763.0616488489798,5,2,High,1416.6804885572365,876.2975952110586,474.3658524974935
Mine_E_Kandri,5,2021,1373.1290861226325,974.7952914269994,31.338332646397475,0.8012500658968855,19,3,1529.1990488702456,8,3,High,471.96578467712783,1416.6804885572365,876.2975952110586
Mine_E_Kandri,6,2021,1073.878603436683,322.1635810310049,394.0790791512617,0.626670748764991,12,2,1272.766903090988,8,2,High,974.7952914269994,471.96578467712783,1416.6804885572365
Mine_E_Kandri,7,2021,1264.6798563250745,379.40395689752233,283.61965392670265,0.689754404859579,10,1,1487.5607540945364,6,3,High,322.1635810310049,974.7952914269994,471.96578467712783
Mine_E_Kandri,8,2021,700.4772710015044,210.14318130045132,440.92328417986755,0.7341822668548019,10,1,854.5174640114183,8,3,High,379.40395689752233,322.1635810310049,974.7952914269994
Mine_E_Kandri,9,2021,1277.323683063557,383.19710491906704,371.44313547172493,0.7416244408223736,6,1,1448.1340083131954,7,4,High,210.14318130045132,379.40395689752233,322.1635810310049
Mine_E_Kandri,10,2021,650.7506962996827,709.3627055232234,16.75999825852258,0.8714664242114681,18,5,799.791799945229,8,4,Low,383.19710491906704,210.14318130045132,379.40395689752233
Mine_E_Kandri,11,2021,560.3661380217693,636.865298960677,11.79932875146129,0.9254224653715871,24,5,683.3530928316045,8,3,Low,709.3627055232234,383.19710491906704,210.14318130045132
Mine_E_Kandri,12,2021,1290.6256601837595,1105.2007384045273,48.07874670887154,0.9821202357051114,18,5,1553.094392512895,6,3,High,636.865298960677,709.3627055232234,383.19710491906704
Mine_E_Kandri,1,2022,1202.0295499825625,846.9051998454663,26.719426484812693,0.9079195106515742,16,4,1530.5210308596813,5,4,High,1105.2007384045273,636.865298960677,709.3627055232234
Mine_E_Kandri,2,2022,1374.9772069979504,1213.4058321504276,6.1222105033248875,0.8665110845968849,22,4,1621.3121831385743,6,4,High,846.9051998454663,1105.2007384045273,636.865298960677
Mine_E_Kandri,3,2022,832.0710431875004,675.0489283226918,34.02118492357513,0.8941249215251255,20,3,1061.6306959290816,8,3,High,1213.4058321504276,846.9051998454663,1105.2007384045273
Mine_E_Kandri,4,2022,690.9256729577852,342.1590583717749,32.930777150327245,0.8734650204361516,19,3,807.407003006031,6,2,High,675.0489283226918,1213.4058321504276,846.9051998454663
Mine_E_Kandri,5,2022,999.7481876071035,468.07901342516965,4.39646309488928,0.8046208175246777,17,4,1100.811065067607,5,2,High,342.1590583717749,675.0489283226918,1213.4058321504276
Mine_E_Kandri,6,2022,1409.0077347775891,422.7023204332767,462.09901743446636,0.6815780519134418,7,1,1616.9396460316998,6,3,High,468.07901342516965,342.1590583717749,675.0489283226918
Mine_E_Kandri,7,2022,1239.5691805700706,371.87075417102113,304.14468387686566,0.7158020589679175,5,1,1383.6014799322627,7,2,High,422.7023204332767,468.07901342516965,342.1590583717749
Mine_E_Kandri,8,2022,1279.5341131629034,383.860233948871,428.86905932295736,0.6970149054167519,8,1,1505.2764271098806,5,3,High,371.87075417102113,422.7023204332767,468.07901342516965
Mine_E_Kandri,9,2022,551.0699844773453,165.32099534320358,454.6841151632817,0.6298309528498245,5,2,680.7822771522142,7,2,High,383.860233948871,371.87075417102113,422.7023204332767
Mine_E_Kandri,10,2022,547.1125263955954,565.8968474823597,40.587740644984194,0.9396798684911657,25,5,614.2443633591753,5,4,Low,165.32099534320358,383.860233948871,371.87075417102113
Mine_E_Kandri,11,2022,1106.307042419261,823.4637335780062,15.2304160872756,0.8752619075291794,24,3,1385.2307167026754,8,2,High,565.8968474823597,165.32099534320358,383.860233948871
Mine_E_Kandri,12,2022,1080.1460166513664,715.5356103053567,15.125130363068601,0.988724812723707,17,5,1199.8631267580151,6,2,High,823.4637335780062,565.8968474823597,165.32099534320358
Mine_E_Kandri,1,2023,1074.1669263780136,940.5301490063673,29.823590989570697,0.8352523916165622,18,3,1381.9345570051337,8,4,High,715.5356103053567,823.4637335780062,565.8968474823597
Mine_E_Kandri,2,2023,748.8017126573914,767.9547452475019,6.471565277323865,0.9469505886839531,19,5,951.0397554331481,6,4,Low,940.5301490063673,715.5356103053567,823.4637335780062
Mine_E_Kandri,3,2023,636.5848874036126,521.5846833596588,35.39681401643745,0.8074145572237783,24,5,779.4766846002385,8,2,High,767.9547452475019,940.5301490063673,715.5356103053567
Mine_E_Kandri,4,2023,1485.0051532730195,1004.0417266705946,12.059103857281128,0.8454433148107874,16,5,1895.07573907097,8,2,High,521.5846833596588,767.9547452475019,940.5301490063673
Mine_E_Kandri,5,2023,807.2351593887408,633.8055726068891,1.4120827480769371,0.8974385416801288,17,3,942.0143300496616,7,4,High,1004.0417266705946,521.5846833596588,767.9547452475019
Mine_E_Kandri,6,2023,1085.5912975175552,325.6773892552665,231.99983618921223,0.6596191414738571,8,2,1296.360832154827,5,2,High,633.8055726068891,1004.0417266705946,521.5846833596588
Mine_E_Kandri,7,2023,1124.1693211540614,337.2507963462184,220.7814692051278,0.7898177443963905,8,1,1260.3381067565576,7,2,High,325.6773892552665,633.8055726068891,1004.0417266705946
Mine_E_Kandri,8,2023,1001.1017003815753,300.3305101144726,337.6110810684378,0.7080238089401745,12,2,1148.774333536976,5,2,High,337.2507963462184,325.6773892552665,633.8055726068891
Mine_E_Kandri,9,2023,761.7814149658925,228.53442448976776,445.51682430576074,0.6428194521371953,10,1,871.007068187299,8,4,High,300.3305101144726,337.2507963462184,325.6773892552665
Mine_E_Kandri,10,2023,881.5942923948924,426.85224801619427,3.720731822387741,0.8011913239317658,18,3,1114.5354830382043,5,3,High,228.53442448976776,300.3305101144726,337.2507963462184
Mine_E_Kandri,11,2023,837.1977508527513,721.6712400702947,1.8916225618530291,0.8050235653884247,20,5,996.3788554941567,8,3,High,426.85224801619427,228.53442448976776,300.3305101144726
Mine_E_Kandri,12,2023,796.6151340924063,607.6427860233558,16.95357149250517,0.9281524797577667,23,3,959.5074254252162,5,4,High,721.6712400702947,426.85224801619427,228.53442448976776
Mine_E_Kandri,1,2024,732.895444065967,516.3595189748543,35.23267778149409,0.9455110470841777,21,3,913.5648512046834,7,2,High,607.6427860233558,721.6712400702947,426.85224801619427
Mine_E_Kandri,2,2024,508.4148961957325,323.9601236365537,45.308944907520264,0.809707121134087,15,4,641.1112103040143,8,2,High,516.3595189748543,607.6427860233558,721.6712400702947
Mine_E_Kandri,3,2024,1086.9156565528892,890.2250968165259,13.215320742528375,0.834253801505724,23,3,1289.1945661393102,8,3,High,323.9601236365537,516.3595189748543,607.6427860233558
Mine_E_Kandri,4,2024,1052.1165199979546,704.0838336903495,30.823394437053953,0.8930141966123177,22,4,1258.8022788088688,6,2,High,890.2250968165259,323.9601236365537,516.3595189748543
Mine_E_Kandri,5,2024,1264.980931343514,843.457050805876,20.716198700779938,0.9285907495983262,17,4,1590.2814783057963,7,2,High,704.0838336903495,890.2250968165259,323.9601236365537
Mine_E_Kandri,6,2024,1426.1311715185564,427.8393514555669,303.75686024606046,0.6428553571128235,5,1,1678.0725343869976,5,4,High,843.457050805876,704.0838336903495,890.2250968165259
Mine_E_Kandri,7,2024,893.770246587884,268.1310739763652,345.3680984899927,0.7348108992986131,6,2,1152.7076843912312,5,3,High,427.8393514555669,843.457050805876,704.0838336903495
Mine_E_Kandri,8,2024,1418.6216800764823,425.58650402294467,309.3631771833009,0.7855992173472414,5,1,1778.9470802564592,6,2,High,268.1310739763652,427.8393514555669,843.457050805876
Mine_E_Kandri,9,2024,1200.615637417006,360.18469122510174,377.0714865552497,0.7830296394240215,9,2,1374.620490100602,7,3,High,425.58650402294467,268.1310739763652,427.8393514555669
Mine_E_Kandri,10,2024,1379.8688830342526,864.6451020987738,40.12443732665692,0.9109806968389971,18,4,1570.0351605755632,5,3,High,360.18469122510174,425.58650402294467,268.1310739763652
Mine_E_Kandri,11,2024,700.6680461686942,788.2359938111025,38.5846404818083,0.9285823664738753,25,4,886.1631542434586,7,4,Low,864.6451020987738,360.18469122510174,425.58650402294467
Mine_E_Kandri,12,2024,622.9346025908246,468.4529614227258,7.9052696117980545,0.9825375906940659,17,3,742.7499433225862,7,3,High,788.2359938111025,864.6451020987738,360.18469122510174
Mine_E_Kandri,1,2025,970.1243546934991,1040.907471759588,11.148372826668334,0.9859764312768854,23,4,1124.1996377189614,6,4,Low,468.4529614227258,788.2359938111025,864.6451020987738
Mine_E_Kandri,2,2025,1051.532935495081,635.7582418333184,16.662416503045957,0.8164937266637359,23,3,1320.178739889394,7,2,High,1040.907471759588,468.4529614227258,788.2359938111025
Mine_E_Kandri,3,2025,1191.743259300792,557.2637053420552,14.373393824071456,0.8130468774199733,18,4,1479.7689092886205,5,2,High,635.7582418333184,1040.907471759588,468.4529614227258
Mine_E_Kandri,4,2025,760.4993580716,574.9293990005315,40.774429371142965,0.9516800664698958,22,5,963.4723886243227,5,2,High,557.2637053420552,635.7582418333184,1040.907471759588
Mine_E_Kandri,5,2025,934.3820243869693,731.0685560864418,49.84529082897347,0.9007272537154039,22,4,1035.5011174791157,8,2,High,574.9293990005315,557.2637053420552,635.7582418333184
Mine_E_Kandri,6,2025,1055.2038710542886,321.68220250865505,257.8617349550845,0.7339200494781848,12,1,1359.2796804987415,5,4,High,731.0685560864418,574.9293990005315,557.2637053420552
Mine_E_Kandri,7,2025,1048.8921924056244,314.6676577216873,439.4449042792804,0.790855344116641,12,1,1347.9333956456226,6,3,High,321.68220250865505,731.0685560864418,574.9293990005315
Mine_E_Kandri,8,2025,755.5810133773634,226.67430401320902,217.08391332477242,0.7713938768880896,7,1,860.2484905788726,8,2,High,314.6676577216873,321.68220250865505,731.0685560864418
Mine_E_Kandri,9,2025,923.5945789610734,277.078373688322,359.5551612949355,0.7686196984934803,14,1,1074.88722497343,8,3,High,226.67430401320902,314.6676577216873,321.68220250865505
Mine_E_Kandri,10,2025,813.8549008142984,762.1957061727348,14.757789157805663,0.9985478611387627,22,4,919.6827570642412,8,2,Medium,277.078373688322,226.67430401320902,314.6676577216873
Mine_E_Kandri,11,2025,1339.588796248413,1173.0849705037251,6.905482940150215,0.9967316104725414,19,4,1726.4601754003431,7,3,High,762.1957061727348,277.078373688322,226.67430401320902
Mine_E_Kandri,12,2025,514.0510937920063,412.78385795330087,24.325416043757485,0.9663809394471734,17,3,575.2981884072263,7,4,High,1173.0849705037251,762.1957061727348,277.078373688322
Mine_F_Gumgaon,1,2016,1326.5478068941993,1348.7375029870218,35.44224055996205,0.880064221842866,25,4,1525.9713703983778,8,3,Low,1348.7375029870218,1348.7375029870218,1348.7375029870218
Mine_F_Gumgaon,2,2016,616.3358813769358,470.2397709161976,30.330956665060615,0.8057480669143225,21,5,698.9406763017842,8,2,High,1348.7375029870218,1348.7375029870218,1348.7375029870218
Mine_F_Gumgaon,3,2016,644.1530999849335,578.8248438698971,27.8903544209511,0.9126357296661112,17,4,714.0885365640354,8,3,High,470.2397709161976,1348.7375029870218,1348.7375029870218
Mine_F_Gumgaon,4,2016,1029.7739465166471,786.7671087165506,46.11348844633622,0.944398724429281,24,3,1282.4136389334565,7,2,High,578.8248438698971,470.2397709161976,1348.7375029870218
Mine_F_Gumgaon,5,2016,1423.1548219611132,1308.1067782874397,13.371841445228577,0.8523996927467492,24,3,1681.9175431713086,7,4,Medium,786.7671087165506,578.8248438698971,470.2397709161976
Mine_F_Gumgaon,6,2016,1208.488078931808,362.54642367954244,306.43869659876384,0.7085664326084018,6,1,1367.9844511577332,7,2,High,1308.1067782874397,786.7671087165506,578.8248438698971
Mine_F_Gumgaon,7,2016,1153.5116685184637,346.0535005555391,394.88309036637105,0.7642996321830962,5,2,1339.0478003491226,7,3,High,362.54642367954244,1308.1067782874397,786.7671087165506
Mine_F_Gumgaon,8,2016,1444.1678195850018,433.2503458755005,213.7415903890449,0.7256650229606569,9,2,1713.9979431211125,7,2,High,346.0535005555391,362.54642367954244,1308.1067782874397
Mine_F_Gumgaon,9,2016,594.7043892883074,178.41131678649222,257.35754389454667,0.7582704704257978,8,2,745.3990104471754,5,4,High,433.2503458755005,346.0535005555391,362.54642367954244
Mine_F_Gumgaon,10,2016,805.7424247799513,463.7905946343658,1.9321555909739718,0.8728061190688482,18,3,1034.6384765633372,5,3,High,178.41131678649222,433.2503458755005,346.0535005555391
Mine_F_Gumgaon,11,2016,631.3243584450247,347.34418442550486,14.307481670256722,0.8227557255144226,21,3,730.7484101415941,7,2,High,463.7905946343658,178.41131678649222,433.2503458755005
Mine_F_Gumgaon,12,2016,582.8933543440392,407.15825445762516,27.030562481716174,0.8157951988476474,23,3,650.006479924522,8,2,High,347.34418442550486,463.7905946343658,178.41131678649222
Mine_F_Gumgaon,1,2017,710.2787407413614,559.9181153379727,35.49810403088604,0.9549567990425636,18,3,801.3130273206623,6,4,High,407.15825445762516,347.34418442550486,463.7905946343658
Mine_F_Gumgaon,2,2017,1033.2089681377693,589.20449529534,25.278870274174604,0.8935596333986925,16,3,1253.5662879159488,8,2,High,559.9181153379727,407.15825445762516,347.34418442550486
Mine_F_Gumgaon,3,2017,1491.4982630172474,1419.744995642189,12.279730977224713,0.8718497060360471,15,5,1775.415767003348,7,4,Low,589.20449529534,559.9181153379727,407.15825445762516
Mine_F_Gumgaon,4,2017,1352.401343126161,1371.5844614842947,44.796530716588435,0.9488776530426029,20,3,1494.3124884549122,8,4,Low,1419.744995642189,589.20449529534,559.9181153379727
Mine_F_Gumgaon,5,2017,776.3145616495258,397.12825616883265,11.355744823889074,0.8766289551658347,15,5,905.5788438989524,5,2,High,1371.5844614842947,1419.744995642189,589.20449529534
Mine_F_Gumgaon,6,2017,887.6300568059188,266.28901704177565,379.9161697832898,0.6208592722510745,5,2,990.4586094480736,7,2,High,397.12825616883265,1371.5844614842947,1419.744995642189
Mine_F_Gumgaon,7,2017,1255.3567804266022,376.6070341279806,301.6866974906507,0.6916631217700684,5,2,1463.4591108317913,5,2,High,266.28901704177565,397.12825616883265,1371.5844614842947
Mine_F_Gumgaon,8,2017,650.7627437053428,195.22882311160285,365.576203754632,0.679764217187649,7,1,770.7115239539339,8,3,High,376.6070341279806,266.28901704177565,397.12825616883265
Mine_F_Gumgaon,9,2017,661.5047161834375,198.45141485503123,278.5345682418481,0.7001502411400236,8,1,777.3193206654546,8,2,High,195.22882311160285,376.6070341279806,266.28901704177565
Mine_F_Gumgaon,10,2017,666.5854428481249,569.4879618495503,28.922530069010023,0.973724940586486,19,5,771.4607424943183,7,2,High,198.45141485503123,195.22882311160285,376.6070341279806
Mine_F_Gumgaon,11,2017,1090.2814080564758,678.9273191908059,23.6825085359368,0.8657476774506068,17,4,1243.0779760149935,7,2,High,569.4879618495503,198.45141485503123,195.22882311160285
Mine_F_Gumgaon,12,2017,1377.7551314126003,1243.354444239098,44.47356170228817,0.9350126444899747,25,5,1530.611992656248,5,3,Medium,678.9273191908059,569.4879618495503,198.45141485503123
Mine_F_Gumgaon,1,2018,917.9048639290091,817.1878028798426,39.09817524997684,0.9892788013468018,18,3,1160.9995685908398,8,3,High,1243.354444239098,678.9273191908059,569.4879618495503
Mine_F_Gumgaon,2,2018,592.4410689129035,415.9956882908893,26.663940632979806,0.9748271431642068,20,4,695.0163291069972,6,2,High,817.1878028798426,1243.354444239098,678.9273191908059
Mine_F_Gumgaon,3,2018,1104.8856082288203,851.1448177868402,17.90537775673543,0.8511952498179071,17,5,1337.5449322611723,5,4,High,415.9956882908893,817.1878028798426,1243.354444239098
Mine_F_Gumgaon,4,2018,903.9896297434158,882.2068537031258,27.634313384371918,0.9029738686861848,21,5,1143.5051063872463,6,4,Low,851.1448177868402,415.9956882908893,817.1878028798426
Mine_F_Gumgaon,5,2018,777.9055021336226,618.0372685502829,15.961860557331109,0.9820679926693172,18,4,921.4233316854168,5,4,High,882.2068537031258,851.1448177868402,415.9956882908893
Mine_F_Gumgaon,6,2018,810.4915484212722,243.14746452638167,361.53501378601237,0.6431409134326633,5,2,967.2238759608445,7,2,High,618.0372685502829,882.2068537031258,851.1448177868402
Mine_F_Gumgaon,7,2018,1081.926884670082,324.5780654010246,462.55837827791066,0.7215863610102552,12,1,1365.546419853921,8,3,High,243.14746452638167,618.0372685502829,882.2068537031258
Mine_F_Gumgaon,8,2018,1067.050426893844,320.1151280681532,326.2173125345041,0.6191119887501175,14,1,1255.7914498504035,5,2,High,324.5780654010246,243.14746452638167,618.0372685502829
Mine_F_Gumgaon,9,2018,799.8513541195213,239.95540623585637,347.06045706552766,0.7857343914525561,10,1,986.0173560196797,7,2,High,320.1151280681532,324.5780654010246,243.14746452638167
Mine_F_Gumgaon,10,2018,1213.3413985461898,864.8322416311715,14.345033370346211,0.9723495958056794,19,4,1461.653448647668,5,3,High,239.95540623585637,320.1151280681532,324.5780654010246
Mine_F_Gumgaon,11,2018,881.2373546790297,1008.9387783407576,5.523654338517009,0.937408540830333,21,5,983.7993003071405,7,4,Low,864.8322416311715,239.95540623585637,320.1151280681532
Mine_F_Gumgaon,12,2018,696.1558074137388,577.0040654331918,44.0631456297498,0.982209340332305,25,4,888.0906484044968,5,3,High,1008.9387783407576,864.8322416311715,239.95540623585637
Mine_F_Gumgaon,1,2019,584.0082348767035,706.6897310791206,10.674939257363981,0.9862081082329816,25,5,710.5119251060538,8,3,Low,577.0040654331918,1008.9387783407576,864.8322416311715
Mine_F_Gumgaon,2,2019,1484.3811118710735,1136.2950216321717,41.79107475419881,0.9125787380479209,25,3,1691.7845811932425,6,3,High,706.6897310791206,577.0040654331918,1008.9387783407576
Mine_F_Gumgaon,3,2019,871.2996816774398,411.4615426224537,39.949032642149035,0.8709690041046458,15,4,1065.6237743707152,5,2,High,1136.2950216321717,706.6897310791206,577.0040654331918
Mine_F_Gumgaon,4,2019,759.7777790247196,518.512244243561,39.02386652856767,0.855934229073699,22,3,862.5785374598837,8,2,High,411.4615426224537,1136.2950216321717,706.6897310791206
Mine_F_Gumgaon,5,2019,545.7746630339441,492.84454385668965,31.193973223326317,0.9413391639422745,15,5,610.2870823331418,8,3,Medium,518.512244243561,411.4615426224537,1136.2950216321717
Mine_F_Gumgaon,6,2019,831.9411346295038,249.58234038885115,402.94558888503934,0.6201349075441807,10,1,1034.5342309599655,5,2,High,492.84454385668965,518.512244243561,411.4615426224537
Mine_F_Gumgaon,7,2019,833.6374444859064,250.0912333457719,486.9827082355189,0.7493466147677835,7,2,1005.2337010515404,7,4,High,249.58234038885115,492.84454385668965,518.512244243561
Mine_F_Gumgaon,8,2019,832.7674937172151,249.83024811516452,436.753944285997,0.7374573876496107,13,2,1075.3284163461494,7,3,High,250.0912333457719,249.58234038885115,492.84454385668965
Mine_F_Gumgaon,9,2019,1201.2941088644,371.83624314905495,462.7814145007989,0.7886127778620737,6,2,1541.8003856147695,8,4,High,249.83024811516452,250.0912333457719,249.58234038885115
Mine_F_Gumgaon,10,2019,508.7907904098118,529.3549425274833,27.738445007485318,0.8060499468073856,17,5,657.2422653623455,8,4,Low,371.83624314905495,249.83024811516452,250.0912333457719
Mine_F_Gumgaon,11,2019,1305.2696816603377,1188.7272456626151,30.431620669445802,0.9405016133506641,19,4,1533.895753431344,8,3,Medium,529.3549425274833,371.83624314905495,249.83024811516452
Mine_F_Gumgaon,12,2019,1040.8174807961586,1029.6312909217795,49.97275397997104,0.8645996844821827,17,5,1294.4962608926778,7,4,Low,1188.7272456626151,529.3549425274833,371.83624314905495
Mine_F_Gumgaon,1,2020,1242.4319361894409,791.0438517216721,11.878031551395734,0.8861702742067994,21,4,1409.7465942563447,6,2,High,1029.6312909217795,1188.7272456626151,529.3549425274833
Mine_F_Gumgaon,2,2020,1062.9454976697605,885.6545204013004,10.805684522623576,0.9716937167386616,15,4,1175.0791101098391,8,3,High,791.0438517216721,1029.6312909217795,1188.7272456626151
Mine_F_Gumgaon,3,2020,877.2003775484804,874.6174898259175,33.59342921366469,0.9243793527491799,21,4,1071.5348231771839,8,3,Low,885.6545204013004,791.0438517216721,1029.6312909217795
Mine_F_Gumgaon,4,2020,1144.332346371551,1230.4944789679405,40.636135981436404,0.8964550774822632,25,5,1478.1006381390885,8,3,Low,874.6174898259175,885.6545204013004,791.0438517216721
Mine_F_Gumgaon,5,2020,1400.2213121988384,912.7188973177578,10.105318102079764,0.8524565623750899,24,3,1675.960071675942,6,3,High,1230.4944789679405,874.6174898259175,885.6545204013004
Mine_F_Gumgaon,6,2020,1040.0869777440598,312.02609332321794,488.5855988681521,0.7916596636088205,11,1,1285.5805045877173,7,3,High,912.7188973177578,1230.4944789679405,874.6174898259175
Mine_F_Gumgaon,7,2020,1153.4171282613563,346.02513847840686,361.8426955009266,0.6226020508451274,5,2,1368.352600187003,5,4,High,312.02609332321794,912.7188973177578,1230.4944789679405
Mine_F_Gumgaon,8,2020,1422.9321566909784,426.8796470072935,362.7936147838296,0.6761284347780797,11,1,1699.5441729848021,7,3,High,346.02513847840686,312.02609332321794,912.7188973177578
Mine_F_Gumgaon,9,2020,1136.9642655748767,341.08927967246296,233.22768730471213,0.647153588553053,8,1,1285.5395612803975,5,4,High,426.8796470072935,346.02513847840686,312.02609332321794
Mine_F_Gumgaon,10,2020,1276.6556075902884,635.6856700939484,3.354441404015346,0.9808969072305536,16,3,1532.2301717455393,5,2,High,341.08927967246296,426.8796470072935,346.02513847840686
Mine_F_Gumgaon,11,2020,941.4803372425563,643.4106658971157,28.146407786812883,0.8824856512869086,18,3,1170.68010435976,6,4,High,635.6856700939484,341.08927967246296,426.8796470072935
Mine_F_Gumgaon,12,2020,790.4914662333645,527.9084293725841,36.70644709934892,0.8725765933375572,23,3,985.6869353653182,8,2,High,643.4106658971157,635.6856700939484,341.08927967246296
Mine_F_Gumgaon,1,2021,1132.708572652214,1186.0681363850822,38.13431545756317,0.9405788102851692,24,4,1259.0984884423885,8,3,Low,527.9084293725841,643.4106658971157,635.6856700939484
Mine_F_Gumgaon,2,2021,708.348897158757,785.9991303754879,30.5929477507347,0.836588417849237,21,5,853.5906450682302,8,4,Low,1186.0681363850822,527.9084293725841,643.4106658971157
Mine_F_Gumgaon,3,2021,570.7186513125554,324.35677881344407,48.53444081085247,0.9088178535033847,15,4,736.3051705315761,5,3,High,785.9991303754879,1186.0681363850822,527.9084293725841
Mine_F_Gumgaon,4,2021,810.2470388403198,992.5861345268181,16.387869278715893,0.9535625925912974,25,3,968.6130507107293,8,4,Low,324.35677881344407,785.9991303754879,1186.0681363850822
Mine_F_Gumgaon,5,2021,1394.2638361130312,1170.3272761867615,30.466278874044082,0.9461615586950242,20,3,1723.7486125746914,6,4,High,992.5861345268181,324.35677881344407,785.9991303754879
Mine_F_Gumgaon,6,2021,969.1445020504684,290.7433506151405,407.6327596466086,0.6448648394231222,12,2,1237.9945780519204,6,4,High,1170.3272761867615,992.5861345268181,324.35677881344407
Mine_F_Gumgaon,7,2021,1239.2951340678455,371.78854022035364,340.6128555844452,0.6062995008851026,11,1,1441.3321801928212,7,3,High,290.7433506151405,1170.3272761867615,992.5861345268181
Mine_F_Gumgaon,8,2021,1297.4137940697797,389.22413822093387,453.4594820090199,0.62411519500204,10,2,1666.934061169515,8,3,High,371.78854022035364,290.7433506151405,1170.3272761867615
Mine_F_Gumgaon,9,2021,615.2373111698444,184.5711933509533,303.02223210111697,0.6147909211493058,9,1,741.5024202663809,5,2,High,389.22413822093387,371.78854022035364,290.7433506151405
Mine_F_Gumgaon,10,2021,1001.4623307059381,837.9250069123215,46.32745302932174,0.9156573255571384,18,4,1239.8642901396986,8,3,High,184.5711933509533,389.22413822093387,371.78854022035364
Mine_F_Gumgaon,11,2021,584.0206514255393,584.9366496230488,39.49739666336751,0.8057504047380406,25,3,650.3691072471521,8,4,Low,837.9250069123215,184.5711933509533,389.22413822093387
Mine_F_Gumgaon,12,2021,956.1719399005652,1048.1387243167858,3.7108336361787284,0.9869416731870827,22,5,1104.472703610109,7,3,Low,584.9366496230488,837.9250069123215,184.5711933509533
Mine_F_Gumgaon,1,2022,559.209685790008,397.7814340525426,36.03757581040469,0.953338407032806,18,3,704.7288111697759,8,2,High,1048.1387243167858,584.9366496230488,837.9250069123215
Mine_F_Gumgaon,2,2022,716.6974647603625,742.2362255991262,26.621458485085768,0.8708935540747442,24,3,813.3184002424847,8,4,Low,397.7814340525426,1048.1387243167858,584.9366496230488
Mine_F_Gumgaon,3,2022,963.5815963552277,853.5584716098896,19.024387894352333,0.9641960759833382,21,3,1100.4947007019296,6,4,High,742.2362255991262,397.7814340525426,1048.1387243167858
Mine_F_Gumgaon,4,2022,1395.8869270062664,1009.7612402318023,37.35516167644954,0.9393329760684969,18,3,1673.5647518159612,7,3,High,853.5584716098896,742.2362255991262,397.7814340525426
Mine_F_Gumgaon,5,2022,848.1457571149405,569.5982463978149,26.883869545412114,0.9567236107373738,15,4,1084.5198913082893,6,3,High,1009.7612402318023,853.5584716098896,742.2362255991262
Mine_F_Gumgaon,6,2022,1033.1048850524037,356.13948944304184,234.65689962167073,0.7533561232899953,5,2,1195.1024276087803,8,4,High,569.5982463978149,1009.7612402318023,853.5584716098896
Mine_F_Gumgaon,7,2022,1071.6139178599708,405.09252580171204,314.8377969060181,0.7324386247256107,11,2,1331.1035245434703,8,4,High,356.13948944304184,569.5982463978149,1009.7612402318023
Mine_F_Gumgaon,8,2022,1488.816881207566,446.6450643622698,466.81842421211053,0.6433271105589252,14,2,1771.073712254751,5,4,High,405.09252580171204,356.13948944304184,569.5982463978149
Mine_F_Gumgaon,9,2022,1410.3388659298053,423.10165977894155,307.5116814655065,0.654531351489819,12,2,1632.6163649408138,6,4,High,446.6450643622698,405.09252580171204,356.13948944304184
Mine_F_Gumgaon,10,2022,927.9164202041173,723.04561526814,12.856915269034157,0.8902603099703094,15,5,1159.825907394321,6,4,High,423.10165977894155,446.6450643622698,405.09252580171204
Mine_F_Gumgaon,11,2022,1199.2628797967366,818.675073106442,9.42584022435154,0.8257420815517373,18,3,1488.7355000294838,7,3,High,723.04561526814,423.10165977894155,446.6450643622698
Mine_F_Gumgaon,12,2022,1358.7484918284508,764.9977457146504,6.146405628299728,0.9946401457983647,16,3,1715.550416909697,5,3,High,818.675073106442,723.04561526814,423.10165977894155
Mine_F_Gumgaon,1,2023,712.3082775607171,679.6582227444657,22.55956327737992,0.940184686855811,20,4,828.9464848214817,8,3,Low,764.9977457146504,818.675073106442,723.04561526814
Mine_F_Gumgaon,2,2023,1261.2563289309123,882.3993437651542,14.865273084708551,0.8485587259284733,19,4,1603.0397329080604,8,2,High,679.6582227444657,764.9977457146504,818.675073106442
Mine_F_Gumgaon,3,2023,502.18679613291516,545.8257017772867,30.930729055658396,0.861003494247861,23,5,556.02587074036,7,4,Low,882.3993437651542,679.6582227444657,764.9977457146504
Mine_F_Gumgaon,4,2023,876.2974708009059,472.85103611077244,16.545948275667893,0.8357032592741338,15,4,1005.7876636783923,6,2,High,545.8257017772867,882.3993437651542,679.6582227444657
Mine_F_Gumgaon,5,2023,1220.2714712717338,789.9917744105699,0.1477431237815241,0.9464657616559711,25,4,1470.6980773793325,5,2,High,472.85103611077244,545.8257017772867,882.3993437651542
Mine_F_Gumgaon,6,2023,693.5555482847543,208.0666644854263,280.48370265512915,0.6189170582909767,6,1,812.5564302913211,8,2,High,789.9917744105699,472.85103611077244,545.8257017772867
Mine_F_Gumgaon,7,2023,944.3482307769088,283.30446923307267,204.0694314614201,0.6756193877342511,13,1,1093.8374973128668,8,2,High,208.0666644854263,789.9917744105699,472.85103611077244
Mine_F_Gumgaon,8,2023,813.2313115408624,243.96939346225872,278.64804485539355,0.6969307577411341,13,1,940.4906061492137,5,3,High,283.30446923307267,208.0666644854263,789.9917744105699
Mine_F_Gumgaon,9,2023,1273.404928641742,382.02147859252256,292.27224320514284,0.6789068509214699,10,1,1422.4518814708265,7,2,High,243.96939346225872,283.30446923307267,208.0666644854263
Mine_F_Gumgaon,10,2023,1084.2470986880148,853.5794804365951,6.845936213336773,0.8096764348606211,19,5,1226.6729769189178,5,4,High,382.02147859252256,243.96939346225872,283.30446923307267
Mine_F_Gumgaon,11,2023,1316.853871637682,792.733719616117,20.496081688991495,0.8533845641998239,18,5,1505.3719714351264,6,2,High,853.5794804365951,382.02147859252256,243.96939346225872
Mine_F_Gumgaon,12,2023,1265.656814565879,1166.6047349583173,25.570849719798115,0.9258826145825614,21,5,1629.8702766857775,5,4,Medium,792.733719616117,853.5794804365951,382.02147859252256
Mine_F_Gumgaon,1,2024,504.025983606737,301.57033419345595,14.71554707858363,0.8569456006949796,23,3,631.0182204308675,6,2,High,1166.6047349583173,792.733719616117,853.5794804365951
Mine_F_Gumgaon,2,2024,1247.7996105527036,571.4609873585256,35.64169963737612,0.9118297823336062,16,3,1549.2992538674985,5,2,High,301.57033419345595,1166.6047349583173,792.733719616117
Mine_F_Gumgaon,3,2024,601.682002826878,608.1384931306806,13.530567199869747,0.8110465687475268,25,5,679.2367658696102,6,4,Low,571.4609873585256,301.57033419345595,1166.6047349583173
Mine_F_Gumgaon,4,2024,967.7834447901366,720.4473619994423,12.192492686918122,0.8632654871412421,24,4,1175.732204496848,7,2,High,608.1384931306806,571.4609873585256,301.57033419345595
Mine_F_Gumgaon,5,2024,809.4164514744948,614.2303064736714,5.556089871603776,0.9273252818274194,18,5,918.8871368308849,7,2,High,720.4473619994423,608.1384931306806,571.4609873585256
Mine_F_Gumgaon,6,2024,1477.8298643799458,443.3489593139837,228.23767780709426,0.6143488030891456,10,1,1800.513256098269,6,3,High,614.2303064736714,720.4473619994423,608.1384931306806
Mine_F_Gumgaon,7,2024,658.3897960167975,197.51693880503925,400.56193206642365,0.7406670925450871,10,1,846.9086775426396,8,2,High,443.3489593139837,614.2303064736714,720.4473619994423
Mine_F_Gumgaon,8,2024,778.1370534138141,233.4411160241442,258.97657340792637,0.7614763997537112,6,1,944.2123622115769,6,3,High,197.51693880503925,443.3489593139837,614.2303064736714
Mine_F_Gumgaon,9,2024,1483.0471706266026,452.31579352153324,206.1585281202275,0.7692648394734349,14,2,1737.8263480753324,7,2,High,233.4411160241442,197.51693880503925,443.3489593139837
Mine_F_Gumgaon,10,2024,524.6238124449317,344.2066695460789,0.8107639787038434,0.9227020351421866,22,3,665.1869532136386,5,3,High,452.31579352153324,233.4411160241442,197.51693880503925
Mine_F_Gumgaon,11,2024,1013.6416578064529,750.5204434689924,1.7412970763420466,0.8912715776273336,21,3,1189.8916856195253,5,4,High,344.2066695460789,452.31579352153324,233.4411160241442
Mine_F_Gumgaon,12,2024,794.5221651866796,690.7060560755291,40.769723274344074,0.989521080010937,20,3,885.5718076735697,6,4,High,750.5204434689924,344.2066695460789,452.31579352153324
Mine_F_Gumgaon,1,2025,712.56427758,562.636148414235,20.13222286950553,0.8242160833327219,22,3,852.7170089600246,6,4,High,690.7060560755291,750.5204434689924,344.2066695460789
Mine_F_Gumgaon,2,2025,1227.4167916545566,1049.4395072372756,1.3090390951930542,0.8938604975889671,25,3,1427.8316415848876,7,3,High,562.636148414235,690.7060560755291,750.5204434689924
Mine_F_Gumgaon,3,2025,1159.6580855597886,673.5037353661544,20.495955846538415,0.9168657821204148,17,3,1344.659437861476,7,2,High,1049.4395072372756,562.636148414235,690.7060560755291
Mine_F_Gumgaon,4,2025,888.2457696740446,621.0697921368067,37.72517066936055,0.9464154539456013,22,4,1035.688113262875,6,2,High,673.5037353661544,1049.4395072372756,562.636148414235
Mine_F_Gumgaon,5,2025,1063.1762198250997,809.743047375511,46.00992087692659,0.9115559749661272,18,4,1327.2812965596313,7,3,High,621.0697921368067,673.5037353661544,1049.4395072372756
Mine_F_Gumgaon,6,2025,688.8097945447679,206.64293836343037,487.91988147405834,0.751842338108391,10,1,780.280436738807,8,4,High,809.743047375511,621.0697921368067,673.5037353661544
Mine_F_Gumgaon,7,2025,1308.837739351379,392.6513218054137,448.9759411775175,0.7450118969057321,11,1,1588.2397106429733,5,3,High,206.64293836343037,809.743047375511,621.0697921368067
Mine_F_Gumgaon,8,2025,1451.3903055787732,435.41709167363194,477.89009558288575,0.7617224851739125,9,2,1651.746056985839,7,2,High,392.6513218054137,206.64293836343037,809.743047375511
Mine_F_Gumgaon,9,2025,820.8018988917123,246.24056966751368,426.46437053258956,0.6883397923248135,12,1,1015.061611016677,7,3,High,435.41709167363194,392.6513218054137,206.64293836343037
Mine_F_Gumgaon,10,2025,575.4423550694215,373.5197032991767,22.56601411449389,0.8499090041043239,16,4,716.4637399581954,8,2,High,246.24056966751368,435.41709167363194,392.6513218054137
Mine_F_Gumgaon,11,2025,964.7935820925188,523.3650618196866,16.439159919706224,0.9492656870985478,17,4,1194.7504317947376,5,2,High,373.5197032991767,246.24056966751368,435.41709167363194
Mine_F_Gumgaon,12,2025,734.2194404859907,413.0356187865453,4.112287842288204,0.8548100578691029,24,3,839.1369972834251,5,2,High,523.3650618196866,373.5197032991767,246.24056966751368
Mine_G_Lugma,1,2016,302.3614998454442,296.59446021350044,47.271112390976,0.9397100553611266,24,5,359.46740834675614,6,3,Low,296.59446021350044,296.59446021350044,296.59446021350044
Mine_G_Lugma,2,2016,335.28400388146935,228.12286950596993,35.38313747657255,0.9494524816069494,19,3,414.2928111111001,8,2,High,296.59446021350044,296.59446021350044,296.59446021350044
Mine_G_Lugma,3,2016,342.4251501327781,240.85769555859687,25.384215224272328,0.8454493245561461,16,5,435.85361508588136,5,4,High,228.12286950596993,296.59446021350044,296.59446021350044
Mine_G_Lugma,4,2016,307.80503146341204,223.85751547609547,29.26367856639565,0.8856559108290192,18,3,354.8502667117216,7,3,High,240.85769555859687,228.12286950596993,296.59446021350044
Mine_G_Lugma,5,2016,336.6120552400862,173.17423875358637,5.821984912611066,0.9163171415183691,16,3,417.6428700412611,5,2,High,223.85751547609547,240.85769555859687,228.12286950596993
Mine_G_Lugma,6,2016,346.15994712266803,103.8479841368004,559.210098545738,0.7747172121391481,10,2,444.96582119086355,5,2,High,173.17423875358637,223.85751547609547,240.85769555859687
Mine_G_Lugma,7,2016,344.3243842639604,103.29731527918811,311.8674477496171,0.6177849134486414,5,1,435.7779810896072,5,4,High,103.8479841368004,173.17423875358637,223.85751547609547
Mine_G_Lugma,8,2016,301.9672067503625,90.59016202510874,487.8505166071059,0.7522572575067449,14,1,379.6240720373724,5,2,High,103.29731527918811,103.8479841368004,173.17423875358637
Mine_G_Lugma,9,2016,331.9249204687677,99.57747614063031,578.5733557237002,0.7904976566808797,7,2,411.232483878133,5,3,High,90.59016202510874,103.29731527918811,103.8479841368004
Mine_G_Lugma,10,2016,315.53769986417996,251.9133102994921,37.867659395304806,0.8663172714581451,25,4,404.7102239751579,6,3,High,99.57747614063031,90.59016202510874,103.29731527918811
Mine_G_Lugma,11,2016,341.77160082260235,264.48705100046794,9.692699859277004,0.939067752538758,22,3,390.0692985533868,6,3,High,251.9133102994921,99.57747614063031,90.59016202510874
Mine_G_Lugma,12,2016,325.38944633938775,358.19278981050826,30.58348534789465,0.9586285598099514,17,5,411.4863875772376,8,4,Low,264.48705100046794,251.9133102994921,99.57747614063031
Mine_G_Lugma,1,2017,344.8471874987417,208.404547481878,1.0095233836610484,0.8281035059180242,21,3,404.61474259836984,6,3,High,358.19278981050826,264.48705100046794,251.9133102994921
Mine_G_Lugma,2,2017,338.3000600361871,176.61137571305198,39.6959593448796,0.8253222843771723,22,3,435.4534176199416,6,2,High,208.404547481878,358.19278981050826,264.48705100046794
Mine_G_Lugma,3,2017,317.6900767462398,212.1443587588773,40.863330309616444,0.8739167098288392,22,4,390.4405631571572,5,3,High,176.61137571305198,208.404547481878,358.19278981050826
Mine_G_Lugma,4,2017,347.63157259790376,130.886161716242,35.90298690920222,0.8129250046855833,16,3,408.6886813421664,5,2,High,212.1443587588773,176.61137571305198,208.404547481878
Mine_G_Lugma,5,2017,334.1301523465017,228.18635467879022,29.87389665829697,0.8026659534144047,19,3,378.63086920627967,6,4,High,130.886161716242,212.1443587588773,176.61137571305198
Mine_G_Lugma,6,2017,316.1542041667191,94.84626125001573,576.4962839557055,0.7543490585549552,5,1,391.564357260677,7,3,High,228.18635467879022,130.886161716242,212.1443587588773
Mine_G_Lugma,7,2017,349.0203532714168,104.70610598142504,380.4650057574214,0.762708378644357,13,1,393.4673769258643,7,2,High,94.84626125001573,228.18635467879022,130.886161716242
Mine_G_Lugma,8,2017,326.58777979949446,97.97633393984833,344.9088106816455,0.6765065437881032,6,2,400.57722334336677,8,4,High,104.70610598142504,94.84626125001573,228.18635467879022
Mine_G_Lugma,9,2017,330.7318057111436,99.21954171334308,484.08907764218185,0.7931504007615204,9,1,396.28634983003,7,4,High,97.97633393984833,104.70610598142504,94.84626125001573
Mine_G_Lugma,10,2017,339.2595965100176,322.6513682265356,12.971212089422368,0.9867930446345146,25,3,433.02893584225603,6,4,Low,99.21954171334308,97.97633393984833,104.70610598142504
Mine_G_Lugma,11,2017,325.09792156395156,212.97782468535743,18.630778699379896,0.8158019728615253,17,4,372.2192881559722,8,2,High,322.6513682265356,99.21954171334308,97.97633393984833
Mine_G_Lugma,12,2017,310.6956938836189,263.9694258030055,39.91064600475694,0.8410154367406909,21,4,349.32764719286,7,3,High,212.97782468535743,322.6513682265356,99.21954171334308
Mine_G_Lugma,1,2018,343.2475066944872,378.63523836401305,24.584428108266543,0.8448222008823514,20,5,420.01977754396046,8,4,Low,263.9694258030055,212.97782468535743,322.6513682265356
Mine_G_Lugma,2,2018,324.4054735594428,252.08135446587175,49.030581951984054,0.8892557732520829,15,4,388.0835272382199,8,3,High,378.63523836401305,263.9694258030055,212.97782468535743
Mine_G_Lugma,3,2018,347.1660952582988,202.52594170882745,31.632199871079052,0.9266471470047842,16,3,451.1448392093525,7,2,High,252.08135446587175,378.63523836401305,263.9694258030055
Mine_G_Lugma,4,2018,345.61643388679073,312.40255919684114,27.62959849925009,0.8592005245762872,25,4,430.52365672587456,6,4,Medium,202.52594170882745,252.08135446587175,378.63523836401305
Mine_G_Lugma,5,2018,317.31875545245737,174.5668325402647,45.851828097875256,0.9411306423322416,15,5,397.47144953550895,5,2,High,312.40255919684114,202.52594170882745,252.08135446587175
Mine_G_Lugma,6,2018,322.56102612115126,96.76830783634537,407.7024516445806,0.687021598738294,11,2,370.5639482027293,5,3,High,174.5668325402647,312.40255919684114,202.52594170882745
Mine_G_Lugma,7,2018,322.37235706095055,96.71170711828516,361.04001109786054,0.6669620957671659,9,1,376.12331374790404,8,4,High,96.76830783634537,174.5668325402647,312.40255919684114
Mine_G_Lugma,8,2018,323.35558835277425,97.00667650583227,591.1400418164395,0.6601933631898501,12,2,418.1725482209448,5,3,High,96.71170711828516,96.76830783634537,174.5668325402647
Mine_G_Lugma,9,2018,331.0953097072849,99.32859291218547,352.4762050991249,0.7877296500248214,8,1,394.8761775357718,7,2,High,97.00667650583227,96.71170711828516,96.76830783634537
Mine_G_Lugma,10,2018,328.3779016995748,310.33116596310794,43.77278437494517,0.8972988261954514,25,5,400.2622054535251,5,4,Medium,99.32859291218547,97.00667650583227,96.71170711828516
Mine_G_Lugma,11,2018,322.7169311385766,255.75798791901525,2.7251752118918726,0.8795591677475477,21,4,371.9107183570856,7,3,High,310.33116596310794,99.32859291218547,97.00667650583227
Mine_G_Lugma,12,2018,312.91121409451046,219.32712979627556,34.21275034017779,0.9014017459020152,17,5,368.1341639416516,7,2,High,255.75798791901525,310.33116596310794,99.32859291218547
Mine_G_Lugma,1,2019,307.6818811672189,268.7195600276705,26.083206886845844,0.8321308377719362,20,5,374.8008795810301,8,3,High,219.32712979627556,255.75798791901525,310.33116596310794
Mine_G_Lugma,2,2019,347.16404130028786,234.79399108091442,10.69050519089783,0.8937226620289186,19,3,449.87040592843067,5,4,High,268.7195600276705,219.32712979627556,255.75798791901525
Mine_G_Lugma,3,2019,348.89029618798025,331.32722654418853,9.168209145092366,0.8660429973224175,19,5,418.53719244321536,8,3,Medium,234.79399108091442,268.7195600276705,219.32712979627556
Mine_G_Lugma,4,2019,312.0351244827831,170.17498601155845,6.486600484748495,0.8417619224690499,15,4,398.09041612120745,5,2,High,331.32722654418853,234.79399108091442,268.7195600276705
Mine_G_Lugma,5,2019,347.6493531068107,317.41510052046203,15.525837763790934,0.9200748388982748,18,5,404.73577156446606,6,4,Medium,170.17498601155845,331.32722654418853,234.79399108091442
Mine_G_Lugma,6,2019,326.08336212807774,97.82500863842331,400.69342374014116,0.7730162339510942,6,2,377.28094241278836,8,3,High,317.41510052046203,170.17498601155845,331.32722654418853
Mine_G_Lugma,7,2019,326.39037948038987,97.91711384411695,512.7664947166387,0.6261580702541549,13,2,362.9620561360061,6,3,High,97.82500863842331,317.41510052046203,170.17498601155845
Mine_G_Lugma,8,2019,312.9151477381827,93.87454432145482,322.95120526628034,0.778498784469919,9,1,371.39811976541114,5,4,High,97.91711384411695,97.82500863842331,317.41510052046203
Mine_G_Lugma,9,2019,319.8985304542371,95.96955913627113,349.5409714215986,0.6848806089491152,8,1,408.85457564735674,8,3,High,93.87454432145482,97.91711384411695,97.82500863842331
Mine_G_Lugma,10,2019,308.81390646992463,257.8995491784636,21.827353475243633,0.9427230305143808,20,3,381.5494033172393,6,4,High,95.96955913627113,93.87454432145482,97.91711384411695
Mine_G_Lugma,11,2019,328.9316715583469,302.9467550728749,17.9953766780147,0.8630804580155795,20,5,372.32209648897054,6,4,Medium,257.8995491784636,95.96955913627113,93.87454432145482
Mine_G_Lugma,12,2019,316.25698031684345,221.16596662039703,6.253298262727536,0.8685068569325757,24,3,397.2679093732921,6,3,High,302.9467550728749,257.8995491784636,95.96955913627113
Mine_G_Lugma,1,2020,321.3412006642361,203.10436592480974,12.627919654582143,0.8729752240064836,22,4,408.2154889782134,5,3,High,221.16596662039703,302.9467550728749,257.8995491784636
Mine_G_Lugma,2,2020,325.84344628224346,336.289889470251,29.954552356249543,0.9765108287827292,24,5,373.1417026334447,5,4,Low,203.10436592480974,221.16596662039703,302.9467550728749
Mine_G_Lugma,3,2020,342.66589336712366,311.29255286222457,5.335518950169149,0.8611382615405366,21,5,383.6287536742307,6,4,Medium,336.289889470251,203.10436592480974,221.16596662039703
Mine_G_Lugma,4,2020,339.8064992168529,234.52605744433006,40.095480017435996,0.9000851581034034,17,5,424.1362809049048,7,2,High,311.29255286222457,336.289889470251,203.10436592480974
Mine_G_Lugma,5,2020,325.83405257791094,360.4676188035079,28.74834568199873,0.97314572390683,18,5,359.0756818725553,7,4,Low,234.52605744433006,311.29255286222457,336.289889470251
Mine_G_Lugma,6,2020,331.0056691670972,99.30170075012916,436.08577660872436,0.7171717314350016,12,1,419.734504939997,8,4,High,360.4676188035079,234.52605744433006,311.29255286222457
Mine_G_Lugma,7,2020,338.54490996707557,101.56347299012266,344.39167332108593,0.6075284799726892,5,2,429.7850207736493,5,3,High,99.30170075012916,360.4676188035079,234.52605744433006
Mine_G_Lugma,8,2020,342.5192102319035,102.75576306957105,592.8009919791396,0.6499386498070476,12,2,440.98065167771085,8,3,High,101.56347299012266,99.30170075012916,360.4676188035079
Mine_G_Lugma,9,2020,316.1899463543815,94.85698390631445,565.2901747592019,0.6724820350417705,13,1,377.5208474810139,8,3,High,102.75576306957105,101.56347299012266,99.30170075012916
Mine_G_Lugma,10,2020,328.90696709800943,230.53352028153265,42.49190548833766,0.8805798382676155,15,5,396.09133465922946,8,2,High,94.85698390631445,102.75576306957105,101.56347299012266
Mine_G_Lugma,11,2020,314.1334515125771,306.4828080752287,17.980413408749463,0.9880326804749064,25,3,378.4570035751694,8,3,Low,230.53352028153265,94.85698390631445,102.75576306957105
Mine_G_Lugma,12,2020,304.95405785575485,246.33163313800964,48.75355557493256,0.9718175926976185,17,5,364.7854948300997,6,3,High,306.4828080752287,230.53352028153265,94.85698390631445
Mine_G_Lugma,1,2021,303.10048096832537,244.75734857024204,37.10678316456092,0.9063678839634896,23,4,382.6695199403595,6,3,High,246.33163313800964,306.4828080752287,230.53352028153265
Mine_G_Lugma,2,2021,307.12909256043554,295.5577857606064,26.522956618879245,0.8266847307541844,25,4,397.92599279441055,7,4,Low,244.75734857024204,246.33163313800964,306.4828080752287
Mine_G_Lugma,3,2021,309.7994694884133,260.11408923672604,3.957746678385743,0.9893526838669613,19,4,392.22945247817523,7,3,High,295.5577857606064,244.75734857024204,246.33163313800964
Mine_G_Lugma,4,2021,302.3908794151158,230.59483819216933,39.55736129459953,0.9123438250528012,24,5,341.1773771578046,6,2,High,260.11408923672604,295.5577857606064,244.75734857024204
Mine_G_Lugma,5,2021,344.5032598144659,353.3725005407781,16.459905845594864,0.8239642729374063,24,4,383.9861103903717,8,4,Low,230.59483819216933,260.11408923672604,295.5577857606064
Mine_G_Lugma,6,2021,337.18632275114373,101.15589682534312,378.43131364862813,0.6706867821446292,6,1,410.8911914241002,7,3,High,353.3725005407781,230.59483819216933,260.11408923672604
Mine_G_Lugma,7,2021,326.99217940272115,98.09765382081635,521.5880520358796,0.6473189717097124,12,2,378.3374775070719,8,4,High,101.15589682534312,353.3725005407781,230.59483819216933
Mine_G_Lugma,8,2021,343.08944104846586,102.92683231453975,374.18557533893977,0.6060456954095519,14,2,411.0089233117838,6,2,High,98.09765382081635,101.15589682534312,353.3725005407781
Mine_G_Lugma,9,2021,334.0384207872884,100.21152623618651,576.9967802109254,0.7974543882291237,10,2,424.8879946827948,8,3,High,102.92683231453975,98.09765382081635,101.15589682534312
Mine_G_Lugma,10,2021,310.4308397541096,177.40770285070266,25.197325357077226,0.8424914717037888,25,3,363.6125557458468,5,2,High,100.21152623618651,102.92683231453975,98.09765382081635
Mine_G_Lugma,11,2021,300.10597572789055,259.6581965116191,1.6560710234744758,0.9814364907404042,23,4,381.5971822962228,8,2,High,177.40770285070266,100.21152623618651,102.92683231453975
Mine_G_Lugma,12,2021,304.9848971508197,218.21474854603665,23.286892547618336,0.9065561048360169,17,3,354.3262448734847,7,3,High,259.6581965116191,177.40770285070266,100.21152623618651
Mine_G_Lugma,1,2022,325.69915825323545,290.23530199801814,22.253452726866186,0.9184428921408604,22,4,389.2675134386675,5,4,High,218.21474854603665,259.6581965116191,177.40770285070266
Mine_G_Lugma,2,2022,311.6447599175499,251.05294009545648,45.06621857583226,0.9834038001589276,17,5,403.6789111834072,6,3,High,290.23530199801814,218.21474854603665,259.6581965116191
Mine_G_Lugma,3,2022,310.78302082367856,179.01682105209144,33.891157130866496,0.8560457954441463,16,5,375.2142575485614,6,2,High,251.05294009545648,290.23530199801814,218.21474854603665
Mine_G_Lugma,4,2022,311.8623468537207,350.4569139822141,41.09990701895978,0.969707274522372,19,4,399.92662330666474,8,4,Low,179.01682105209144,251.05294009545648,290.23530199801814
Mine_G_Lugma,5,2022,308.506669500091,278.9571972232305,19.466253437954546,0.9070136300524909,19,3,373.44172190685714,8,4,Medium,350.4569139822141,179.01682105209144,251.05294009545648
Mine_G_Lugma,6,2022,301.03927754933864,90.31178326480159,425.55184970153465,0.6329017575051628,10,2,333.60212475467495,6,4,High,278.9571972232305,350.4569139822141,179.01682105209144
Mine_G_Lugma,7,2022,328.824378381247,98.6473135143741,443.4016546557835,0.7722358393534732,13,1,371.6231223167804,8,4,High,90.31178326480159,278.9571972232305,350.4569139822141
Mine_G_Lugma,8,2022,333.9634221233704,100.18902663701111,439.5899458365225,0.6195119139847134,10,1,382.6790587876168,7,2,High,98.6473135143741,90.31178326480159,278.9571972232305
Mine_G_Lugma,9,2022,340.9942737619339,102.29828212858017,359.8809900797273,0.654985995883659,7,2,375.4479595956904,8,3,High,100.18902663701111,98.6473135143741,90.31178326480159
Mine_G_Lugma,10,2022,349.85317472298357,214.36429860527562,18.33871410791129,0.8741636789805352,23,3,396.40932739636855,5,3,High,102.29828212858017,100.18902663701111,98.6473135143741
Mine_G_Lugma,11,2022,343.563675931963,290.3788309365453,26.135666793126493,0.8639988760147619,18,4,384.49438863452707,8,3,High,214.36429860527562,102.29828212858017,100.18902663701111
Mine_G_Lugma,12,2022,312.66248742042166,323.8433202714847,15.407718903631789,0.8946293774703516,24,5,359.98407883413944,7,3,Low,290.3788309365453,214.36429860527562,102.29828212858017
Mine_G_Lugma,1,2023,302.1857527221955,234.25440572349345,26.566211383749128,0.9473799506732883,23,4,363.0926660673494,5,3,High,323.8433202714847,290.3788309365453,214.36429860527562
Mine_G_Lugma,2,2023,323.58331140263306,301.5700806372684,31.810814651523128,0.8673296069482694,24,4,383.66012535686104,8,3,Medium,234.25440572349345,323.8433202714847,290.3788309365453
Mine_G_Lugma,3,2023,328.60089449150945,211.68644209094532,26.08757025422409,0.8489349574388354,23,3,426.8766128460817,8,2,High,301.5700806372684,234.25440572349345,323.8433202714847
Mine_G_Lugma,4,2023,308.0778016062276,210.17168510492618,21.244543657317482,0.948540285945964,17,3,386.3917902807459,6,4,High,211.68644209094532,301.5700806372684,234.25440572349345
Mine_G_Lugma,5,2023,335.3384354918543,247.48202106023527,34.54468549101968,0.8297155771392941,24,4,417.21418157257625,7,2,High,210.17168510492618,211.68644209094532,301.5700806372684
Mine_G_Lugma,6,2023,349.20576813754775,104.76173044126432,421.21923126213136,0.7091888285932044,13,1,427.88715534140385,7,2,High,247.48202106023527,210.17168510492618,211.68644209094532
Mine_G_Lugma,7,2023,332.0203316608744,99.60609949826231,567.636340393259,0.7833867046050874,10,1,384.3764000639801,5,3,High,104.76173044126432,247.48202106023527,210.17168510492618
Mine_G_Lugma,8,2023,322.38828204219783,96.71648461265934,576.0944650630809,0.7176821991119042,6,1,357.4459524985547,6,3,High,99.60609949826231,104.76173044126432,247.48202106023527
Mine_G_Lugma,9,2023,300.53118763541295,90.15935629062388,564.8663713921362,0.7049602551207416,6,2,371.6838110140946,5,2,High,96.71648461265934,99.60609949826231,104.76173044126432
Mine_G_Lugma,10,2023,318.95484645104176,277.52816681458745,26.87125567188755,0.9035475457450055,21,5,362.34202679856503,6,3,High,90.15935629062388,96.71648461265934,99.60609949826231
Mine_G_Lugma,11,2023,333.9309677421671,266.60067613604,0.4369709124303012,0.9803208538884793,17,4,433.3938916223391,7,3,High,277.52816681458745,90.15935629062388,96.71648461265934
Mine_G_Lugma,12,2023,320.8022924630738,210.3040576694423,19.09116273796208,0.9430477736293437,23,3,403.0338563868366,6,2,High,266.60067613604,277.52816681458745,90.15935629062388
Mine_G_Lugma,1,2024,332.49578047241636,278.5863465381401,25.365819775334458,0.9621838986014726,16,5,411.8762822832263,8,2,High,210.3040576694423,266.60067613604,277.52816681458745
Mine_G_Lugma,2,2024,345.1008737981299,301.4486708069505,29.359467062049383,0.9499166053304795,24,5,419.49544344113434,5,3,High,278.5863465381401,210.3040576694423,266.60067613604
Mine_G_Lugma,3,2024,321.9357522224669,306.7788732777263,33.26811631342484,0.904361198179212,25,4,416.2501688680221,6,4,Low,301.4486708069505,278.5863465381401,210.3040576694423
Mine_G_Lugma,4,2024,310.81589757541946,253.82892820846095,20.83986342979803,0.9738796004311769,21,5,363.0293654412847,5,3,High,306.7788732777263,301.4486708069505,278.5863465381401
Mine_G_Lugma,5,2024,326.143833334306,220.94686088105755,41.70567961391907,0.8523037395982875,18,3,409.57536040692463,7,3,High,253.82892820846095,306.7788732777263,301.4486708069505
Mine_G_Lugma,6,2024,303.03043197609776,90.90912959282933,415.33354441297917,0.7366342525852572,8,1,352.85882825760376,6,3,High,220.94686088105755,253.82892820846095,306.7788732777263
Mine_G_Lugma,7,2024,339.4301487695749,101.82904463087246,509.69921437057565,0.7871543792403397,9,2,390.97304363340186,8,2,High,90.90912959282933,220.94686088105755,253.82892820846095
Mine_G_Lugma,8,2024,340.53082405001527,102.15924721500458,563.8947951057057,0.7228196485330589,13,1,436.2697493602376,8,3,High,101.82904463087246,90.90912959282933,220.94686088105755
Mine_G_Lugma,9,2024,307.44816592192865,92.23444977657859,455.2839432023537,0.7542423250457431,11,2,380.86911001755624,8,2,High,102.15924721500458,101.82904463087246,90.90912959282933
Mine_G_Lugma,10,2024,343.8649590184466,296.23321807140974,4.34359798139155,0.8346492404046074,22,4,416.10300024136,6,4,High,92.23444977657859,102.15924721500458,101.82904463087246
Mine_G_Lugma,11,2024,300.24040310935305,165.85045902524277,25.43219191394034,0.8399109952941325,25,3,348.7704651618055,5,2,High,296.23321807140974,92.23444977657859,102.15924721500458
Mine_G_Lugma,12,2024,302.4146431155464,187.5962772627783,49.149348289454736,0.8729617962596125,21,5,378.8761822492696,5,2,High,165.85045902524277,296.23321807140974,92.23444977657859
Mine_G_Lugma,1,2025,330.6734135579389,302.4327982791511,16.934225812666533,0.9485869143596843,25,4,392.77263280403474,8,2,Medium,187.5962772627783,165.85045902524277,296.23321807140974
Mine_G_Lugma,2,2025,319.6978172178892,238.04932473156924,33.66213937540783,0.9823691964052215,15,3,385.41772350053856,7,3,High,302.4327982791511,187.5962772627783,165.85045902524277
Mine_G_Lugma,3,2025,333.0253324053033,253.34224998910315,38.90760513959371,0.8599253808288889,20,3,400.74235331351395,8,3,High,238.04932473156924,302.4327982791511,187.5962772627783
Mine_G_Lugma,4,2025,317.58562388219394,257.07136927975085,28.828111619306068,0.8947430283154945,23,5,404.14854699444277,7,2,High,253.34224998910315,238.04932473156924,302.4327982791511
Mine_G_Lugma,5,2025,348.33206949042943,282.1658881755261,25.100049706891863,0.9974808148502242,15,3,443.9981782503227,7,4,High,257.07136927975085,253.34224998910315,238.04932473156924
Mine_G_Lugma,6,2025,309.12587483199763,92.73776244959929,456.0253390936988,0.7019544637459461,13,2,352.4942451021786,8,3,High,282.1658881755261,257.07136927975085,253.34224998910315
Mine_G_Lugma,7,2025,333.30456588545263,99.99136976563578,499.8961950131011,0.6967994045871793,9,2,416.6837384096247,8,3,High,92.73776244959929,282.1658881755261,257.07136927975085
Mine_G_Lugma,8,2025,342.9062079352311,102.87186238056934,340.6846626807567,0.675321404689743,7,1,410.5598828428809,7,4,High,99.99136976563578,92.73776244959929,282.1658881755261
Mine_G_Lugma,9,2025,339.09357348745203,101.72807204623561,526.4777808743589,0.6870074926104298,12,1,380.3825098487608,5,3,High,102.87186238056934,99.99136976563578,92.73776244959929
Mine_G_Lugma,10,2025,317.6143197671263,312.66508004201,36.898929000004955,0.9913936820291579,21,3,388.56207649949647,7,4,Low,101.72807204623561,102.87186238056934,99.99136976563578
Mine_G_Lugma,11,2025,320.4386661065873,263.45159890121994,23.885982421146412,0.9829178969844081,17,4,364.0123722210666,7,3,High,312.66508004201,101.72807204623561,102.87186238056934
Mine_G_Lugma,12,2025,331.76815094914787,194.83292111753525,13.957220498123002,0.8273903837433297,17,4,403.8894755435837,5,3,High,263.45159890121994,312.66508004201,101.72807204623561
Mine_H_Ukwa,1,2016,324.5405776105466,282.17415368604605,19.163864554472426,0.9207460251116983,21,5,368.9672441976062,8,2,High,282.17415368604605,282.17415368604605,282.17415368604605
Mine_H_Ukwa,2,2016,306.55254368385243,356.37625387115503,48.99752107607519,0.9791941140388103,21,5,374.85958500699587,7,4,Low,282.17415368604605,282.17415368604605,282.17415368604605
Mine_H_Ukwa,3,2016,308.5608718257891,179.29372212923508,39.87284525430781,0.8589618956029593,20,3,380.44914966225707,6,2,High,356.37625387115503,282.17415368604605,282.17415368604605
Mine_H_Ukwa,4,2016,339.72655737232833,246.83740165354033,9.050475354879373,0.9209140630927702,18,5,392.34054124895835,7,2,High,179.29372212923508,356.37625387115503,282.17415368604605
Mine_H_Ukwa,5,2016,331.3969906862164,214.7950206266393,21.053762612560423,0.8755336952173727,23,3,416.2857114949336,7,2,High,246.83740165354033,179.29372212923508,356.37625387115503
Mine_H_Ukwa,6,2016,322.8573892473149,103.63450643902344,362.29508512485063,0.7858130719987916,13,2,388.8427831115549,7,3,High,214.7950206266393,246.83740165354033,179.29372212923508
Mine_H_Ukwa,7,2016,324.2404909720935,97.27214729162804,514.2657393239091,0.7305568556583788,10,2,383.0567486394496,5,4,High,103.63450643902344,214.7950206266393,246.83740165354033
Mine_H_Ukwa,8,2016,313.0446412322831,93.91339236968493,575.7835348686144,0.7291138734436486,9,1,390.47036477757837,8,4,High,97.27214729162804,103.63450643902344,214.7950206266393
Mine_H_Ukwa,9,2016,335.9052302783484,100.77156908350453,463.44588486213644,0.6575770654346439,6,2,388.3913732659527,5,2,High,93.91339236968493,97.27214729162804,103.63450643902344
Mine_H_Ukwa,10,2016,308.92956949396523,169.81157054039144,8.547737281131468,0.9581935765580321,16,3,379.5817566834507,7,2,High,100.77156908350453,93.91339236968493,97.27214729162804
Mine_H_Ukwa,11,2016,334.3071158601716,232.93477305921976,45.92615182529342,0.9129320108044144,19,3,412.5311531125207,6,3,High,169.81157054039144,100.77156908350453,93.91339236968493
Mine_H_Ukwa,12,2016,338.6062247466894,254.93274168565853,47.837211432100155,0.9784348261114352,19,3,438.3348847712238,8,2,High,232.93477305921976,169.81157054039144,100.77156908350453
Mine_H_Ukwa,1,2017,309.6267171332306,308.0334899661744,22.928154385036542,0.892767653964307,24,4,386.49040408025087,8,3,Low,254.93274168565853,232.93477305921976,169.81157054039144
Mine_H_Ukwa,2,2017,348.37360955333395,364.78373404373997,17.546257527872044,0.8581872622648397,21,5,447.72880040603627,7,4,Low,308.0334899661744,254.93274168565853,232.93477305921976
Mine_H_Ukwa,3,2017,314.4565790737568,138.08791455433638,16.518121919889715,0.8516338055955716,17,3,349.602859822865,5,2,High,364.78373404373997,308.0334899661744,254.93274168565853
Mine_H_Ukwa,4,2017,304.6695051117514,271.0455244199838,9.616627306806564,0.9492101785099816,24,3,344.8953206026399,6,4,High,138.08791455433638,364.78373404373997,308.0334899661744
Mine_H_Ukwa,5,2017,315.57832973905903,230.89372800739457,26.247140660218722,0.8562341742495765,23,3,376.13019972883075,6,3,High,271.0455244199838,138.08791455433638,364.78373404373997
Mine_H_Ukwa,6,2017,326.11217769910576,97.83365330973173,459.5919229878748,0.7046439974910448,9,2,389.88290655379285,5,3,High,230.89372800739457,271.0455244199838,138.08791455433638
Mine_H_Ukwa,7,2017,320.8894319383724,96.26682958151171,593.7549350641132,0.7703612057311585,11,1,371.88586293938795,7,3,High,97.83365330973173,230.89372800739457,271.0455244199838
Mine_H_Ukwa,8,2017,309.04696311941694,92.71408893582507,300.39708860158345,0.6561135516782348,12,2,366.5450811682916,6,4,High,96.26682958151171,97.83365330973173,230.89372800739457
Mine_H_Ukwa,9,2017,349.18853578095803,104.7565607342874,479.5099020832391,0.6310558059091775,10,1,431.58646400177645,8,2,High,92.71408893582507,96.26682958151171,97.83365330973173
Mine_H_Ukwa,10,2017,347.49972718205,330.16638207621304,35.26750662847882,0.9421063765842779,18,5,423.03824253837763,6,4,Low,104.7565607342874,92.71408893582507,96.26682958151171
Mine_H_Ukwa,11,2017,344.8689520454901,183.70949653075624,21.86146769091436,0.9007612021085181,23,3,389.6326779833644,5,2,High,330.16638207621304,104.7565607342874,92.71408893582507
Mine_H_Ukwa,12,2017,308.6155443133549,169.4384449416576,19.393860590679886,0.9219422076968771,15,4,366.7019236881,5,3,High,183.70949653075624,330.16638207621304,104.7565607342874
Mine_H_Ukwa,1,2018,330.268214744479,292.3973294423186,19.662582429936627,0.9872805599142909,21,3,369.45197291126277,8,3,High,169.4384449416576,183.70949653075624,330.16638207621304
Mine_H_Ukwa,2,2018,316.7613628673161,256.5520926687525,34.661182481822294,0.8747661836444054,17,5,368.9543839167573,7,3,High,292.3973294423186,169.4384449416576,183.70949653075624
Mine_H_Ukwa,3,2018,338.89242579456794,244.86472612975788,18.276756859203747,0.8616763043378015,21,3,377.2196074689519,6,4,High,256.5520926687525,292.3973294423186,169.4384449416576
Mine_H_Ukwa,4,2018,300.10732962303763,227.27272787806675,21.498030575303396,0.8323344121121625,15,5,358.63320398462133,8,3,High,244.86472612975788,256.5520926687525,292.3973294423186
Mine_H_Ukwa,5,2018,317.71251024472457,146.60751812383646,5.995899385592457,0.8551736009605134,19,3,383.8899629031618,5,2,High,227.27272787806675,244.86472612975788,256.5520926687525
Mine_H_Ukwa,6,2018,322.57423337503786,96.77227001251136,526.687495235211,0.6386700218612824,5,2,362.83965559964247,8,3,High,146.60751812383646,227.27272787806675,244.86472612975788
Mine_H_Ukwa,7,2018,322.38557816136944,96.71567344841083,568.367084407098,0.6340014034320763,14,2,414.3028617861062,5,2,High,96.77227001251136,146.60751812383646,227.27272787806675
Mine_H_Ukwa,8,2018,346.9168824287627,104.0750647286288,356.97410872429765,0.7148487285429537,14,2,408.7080517827266,6,2,High,96.71567344841083,96.77227001251136,146.60751812383646
Mine_H_Ukwa,9,2018,332.17203607781516,99.65161082334454,403.1144683426735,0.7428589044873712,13,2,370.5419328337713,5,4,High,104.0750647286288,96.71567344841083,96.77227001251136
Mine_H_Ukwa,10,2018,347.33031588699566,247.6864101246754,18.59806857883166,0.934476898947215,15,4,451.445822564085,7,3,High,99.65161082334454,104.0750647286288,96.71567344841083
Mine_H_Ukwa,11,2018,313.82785043695526,186.40841808359056,42.75357897369557,0.8148897414811223,16,5,405.2196241648307,7,2,High,247.6864101246754,99.65161082334454,104.0750647286288
Mine_H_Ukwa,12,2018,316.7968600691283,284.0194099074878,10.540968148546515,0.9210780694542412,21,4,369.2576437759998,7,3,High,186.40841808359056,247.6864101246754,99.65161082334454
Mine_H_Ukwa,1,2019,345.38007693433406,208.04561745628112,1.269447252642092,0.8025345112214793,23,3,393.64580604463464,7,2,High,284.0194099074878,186.40841808359056,247.6864101246754
Mine_H_Ukwa,2,2019,317.93124138346826,304.8590283904694,19.56544520744588,0.865866809723543,24,5,367.9259133502923,7,3,Low,208.04561745628112,284.0194099074878,186.40841808359056
Mine_H_Ukwa,3,2019,341.9598852556523,292.78248703974793,19.35992868491755,0.9196478722350078,21,5,393.3566495566335,8,2,High,304.8590283904694,208.04561745628112,284.0194099074878
Mine_H_Ukwa,4,2019,345.23824709576667,256.01154855476193,23.57472787577011,0.9816732331467144,18,3,397.58493185144397,6,4,High,292.78248703974793,304.8590283904694,208.04561745628112
Mine_H_Ukwa,5,2019,300.12789261838276,188.76747881958295,32.028636892134976,0.8156423753165958,15,5,337.58859592598105,5,4,High,256.01154855476193,292.78248703974793,304.8590283904694
Mine_H_Ukwa,6,2019,349.1591145915304,104.74773437745911,463.4555183361969,0.6020398705738587,6,2,447.53256133095596,5,4,High,188.76747881958295,256.01154855476193,292.78248703974793
Mine_H_Ukwa,7,2019,328.23588490544694,98.47076547163408,332.37975385899944,0.7791505485568934,10,1,376.86909841751407,7,2,High,104.74773437745911,188.76747881958295,256.01154855476193
Mine_H_Ukwa,8,2019,310.5837885001471,93.17513655004412,313.0737267033779,0.7893441556105889,14,1,369.682533849765,5,2,High,98.47076547163408,104.74773437745911,188.76747881958295
Mine_H_Ukwa,9,2019,349.86987212454017,104.96096163736205,571.2064772599869,0.774009596065685,13,2,451.77589477061343,6,2,High,93.17513655004412,98.47076547163408,104.74773437745911
Mine_H_Ukwa,10,2019,331.8985477460069,296.12373545872003,35.34336967193285,0.9452817232828158,17,4,407.2355877709427,8,3,High,104.96096163736205,93.17513655004412,98.47076547163408
Mine_H_Ukwa,11,2019,344.9268808595273,297.33166901447277,15.653705186005883,0.9346445686725995,22,5,383.15565757391727,7,2,High,296.12373545872003,104.96096163736205,93.17513655004412
Mine_H_Ukwa,12,2019,336.2869852506943,266.6048607637837,14.438540846508863,0.958093253028799,19,5,431.5768034790429,5,3,High,297.33166901447277,296.12373545872003,104.96096163736205
Mine_H_Ukwa,1,2020,337.34775206549284,282.35278734892864,43.53827444563626,0.996001221959294,16,3,417.5115958127263,7,4,High,266.6048607637837,297.33166901447277,296.12373545872003
Mine_H_Ukwa,2,2020,307.37194068687006,231.77531026167435,45.22696347850741,0.9126620467510833,19,4,399.3052867431876,6,3,High,282.35278734892864,266.6048607637837,297.33166901447277
Mine_H_Ukwa,3,2020,342.0059125244402,277.47189437449146,30.1985888576258,0.9173891112206802,24,5,441.525328702905,6,2,High,231.77531026167435,282.35278734892864,266.6048607637837
Mine_H_Ukwa,4,2020,304.0373906405125,245.83699476282064,14.082534301671007,0.825328503876751,22,4,363.3030050748689,6,4,High,277.47189437449146,231.77531026167435,282.35278734892864
Mine_H_Ukwa,5,2020,333.54304709260305,246.6185481712692,0.32764969967793434,0.8641849386049043,16,5,416.25176659462346,7,3,High,245.83699476282064,277.47189437449146,231.77531026167435
Mine_H_Ukwa,6,2020,322.4757997457634,96.74273992372902,509.9677942063406,0.6850198262862129,9,1,402.502153004093,8,4,High,246.6185481712692,245.83699476282064,277.47189437449146
Mine_H_Ukwa,7,2020,304.8675851520078,91.46027554560233,561.1441356214773,0.7703230138919324,12,2,383.30595486505683,7,3,High,96.74273992372902,246.6185481712692,245.83699476282064
Mine_H_Ukwa,8,2020,303.8275979138375,91.14827937415124,358.870038832027,0.757293399155792,14,1,380.4090987648375,5,3,High,91.46027554560233,96.74273992372902,246.6185481712692
Mine_H_Ukwa,9,2020,345.8654180650922,103.75962541952765,383.481997286656,0.7670898418492365,9,1,417.5969410784509,6,2,High,91.14827937415124,91.46027554560233,96.74273992372902
Mine_H_Ukwa,10,2020,321.3610472329861,234.7231910217423,27.625408012335633,0.8097737601309501,15,5,366.45134371743774,8,3,High,103.75962541952765,91.14827937415124,91.46027554560233
Mine_H_Ukwa,11,2020,313.7598723197049,250.38329679313196,38.83732535842132,0.8858348597251859,24,4,401.0378038718007,6,3,High,234.7231910217423,103.75962541952765,91.14827937415124
Mine_H_Ukwa,12,2020,327.26491033396684,266.07271357652274,48.48473725574917,0.9059513522958372,16,5,398.105513880105,7,3,High,250.38329679313196,234.7231910217423,103.75962541952765
Mine_H_Ukwa,1,2021,348.57068305154445,247.74866786715813,27.830135868019116,0.9673222808750337,23,4,387.38652369713265,6,2,High,266.07271357652274,250.38329679313196,234.7231910217423
Mine_H_Ukwa,2,2021,343.70626155855086,237.30670149746916,27.027935031309823,0.9289981186079239,18,3,390.17232290668204,6,3,High,247.74866786715813,266.07271357652274,250.38329679313196
Mine_H_Ukwa,3,2021,333.907535484884,361.595905250791,6.811159196627347,0.94231232837161,19,5,416.403447483737,7,4,Low,237.30670149746916,247.74866786715813,266.07271357652274
Mine_H_Ukwa,4,2021,301.0761402084236,218.00636805923358,32.653512698046825,0.8694061739994897,23,3,359.2733834218473,6,3,High,361.595905250791,237.30670149746916,247.74866786715813
Mine_H_Ukwa,5,2021,326.0400768286294,208.85894422458037,30.69457625396475,0.9802056895370327,16,3,423.22512951611674,8,2,High,218.00636805923358,361.595905250791,237.30670149746916
Mine_H_Ukwa,6,2021,332.1392604817646,99.64177814452938,427.0405139016592,0.6857258173605226,5,1,431.2414485448855,8,2,High,208.85894422458037,218.00636805923358,361.595905250791
Mine_H_Ukwa,7,2021,305.5009375576739,91.65028126730218,525.6618314508707,0.7363140977358751,5,1,375.851485041999,8,4,High,99.64177814452938,208.85894422458037,218.00636805923358
Mine_H_Ukwa,8,2021,310.67221238718673,93.20166371615602,385.10818270070763,0.6748316551776394,10,2,393.20975059375013,6,3,High,91.65028126730218,99.64177814452938,208.85894422458037
Mine_H_Ukwa,9,2021,324.3986285052823,97.31958855158469,353.501211779738,0.754404871508887,13,1,364.58001044380387,7,3,High,93.20166371615602,91.65028126730218,99.64177814452938
Mine_H_Ukwa,10,2021,346.00111900341517,216.56749491147306,48.78161464497436,0.87998995280454,16,3,384.13398536288895,8,2,High,97.31958855158469,93.20166371615602,91.65028126730218
Mine_H_Ukwa,11,2021,334.28045572517107,257.14886924119753,8.929664173117807,0.8755408830541195,17,5,403.9825687422732,8,2,High,216.56749491147306,97.31958855158469,93.20166371615602
Mine_H_Ukwa,12,2021,306.20989515315125,258.36629845667136,48.42604650770321,0.8649960637593783,15,5,396.2688409682489,8,3,High,257.14886924119753,216.56749491147306,97.31958855158469
Mine_H_Ukwa,1,2022,310.38029959051266,140.5111147846437,38.84531867622492,0.846111290423062,16,3,341.8300382110596,5,2,High,258.36629845667136,257.14886924119753,216.56749491147306
Mine_H_Ukwa,2,2022,308.2665063706478,236.04690411698556,8.297763869054375,0.9630582178568134,18,3,396.6149853163546,7,3,High,140.5111147846437,258.36629845667136,257.14886924119753
Mine_H_Ukwa,3,2022,316.2329625217714,211.702267096626,19.598445004308534,0.856264373694188,16,5,351.18547936627186,7,2,High,236.04690411698556,140.5111147846437,258.36629845667136
Mine_H_Ukwa,4,2022,316.71494531871707,242.3685370611015,9.066379015091425,0.8158665067780948,20,3,381.9343502246201,8,3,High,211.702267096626,236.04690411698556,140.5111147846437
Mine_H_Ukwa,5,2022,317.56570609502137,245.89448078138363,40.42145470187644,0.9112925637348798,25,5,396.61941443123885,6,2,High,242.3685370611015,211.702267096626,236.04690411698556
Mine_H_Ukwa,6,2022,326.56929606078154,97.97078881823445,384.65433265810924,0.6853851872786791,14,2,421.2015635154447,5,2,High,245.89448078138363,242.3685370611015,211.702267096626
Mine_H_Ukwa,7,2022,337.7234354156087,101.31703062468262,403.41715872053226,0.7058028418564568,13,2,406.2809417044385,8,4,High,97.97078881823445,245.89448078138363,242.3685370611015
Mine_H_Ukwa,8,2022,308.0865690814962,92.42597072444885,312.56247478143774,0.7665292263548474,5,1,368.6639361263494,8,4,High,101.31703062468262,97.97078881823445,245.89448078138363
Mine_H_Ukwa,9,2022,305.1251604720421,91.53754814161263,574.050212440663,0.7657008659902574,9,2,344.6225690588096,5,3,High,92.42597072444885,101.31703062468262,97.97078881823445
Mine_H_Ukwa,10,2022,315.22197996070776,298.84784236730917,24.70600471672221,0.9498672009932204,22,4,406.1728533575696,8,3,Medium,91.53754814161263,92.42597072444885,101.31703062468262
Mine_H_Ukwa,11,2022,305.6985148079549,264.35520087906684,38.964371922789695,0.9619373084299787,22,4,371.58018768744256,5,4,High,298.84784236730917,91.53754814161263,92.42597072444885
Mine_H_Ukwa,12,2022,349.080207345317,305.56783065590383,4.476487176765776,0.888229567450192,23,4,434.2639877755161,7,3,High,264.35520087906684,298.84784236730917,91.53754814161263
Mine_H_Ukwa,1,2023,311.6903347601062,202.6756634812159,12.226404621009229,0.8032828931811288,24,4,378.46497827813994,5,3,High,305.56783065590383,264.35520087906684,298.84784236730917
Mine_H_Ukwa,2,2023,333.19168712021076,171.75999248536144,6.7746372421231,0.8594062916095321,19,3,418.98518966530503,6,2,High,202.6756634812159,305.56783065590383,264.35520087906684
Mine_H_Ukwa,3,2023,304.82235249959115,381.0279406244889,27.632270433616103,0.9918833962498134,25,5,341.0316627825243,7,4,Low,171.75999248536144,202.6756634812159,305.56783065590383
Mine_H_Ukwa,4,2023,339.1879194026546,282.83243110530606,7.898166368665166,0.8830671141404846,22,3,403.4881843901527,8,3,High,381.0279406244889,171.75999248536144,202.6756634812159
Mine_H_Ukwa,5,2023,307.0910930018877,153.47635477616768,27.574365307054936,0.8714893662706518,15,5,352.8636777766543,5,2,High,282.83243110530606,381.0279406244889,171.75999248536144
Mine_H_Ukwa,6,2023,319.1101165023661,95.73303495070984,522.0576739979228,0.7739915450128672,11,1,369.6641843466704,8,3,High,153.47635477616768,282.83243110530606,381.0279406244889
Mine_H_Ukwa,7,2023,318.8018302318998,95.64054906956994,305.37164620871084,0.6128768996775672,11,1,361.040197427837,6,3,High,95.73303495070984,153.47635477616768,282.83243110530606
Mine_H_Ukwa,8,2023,325.69546253884835,97.7086387616545,548.8763230931103,0.7818566804651096,11,2,358.70145924439987,6,3,High,95.64054906956994,95.73303495070984,153.47635477616768
Mine_H_Ukwa,9,2023,344.3896239597479,103.31688718792437,458.5854418857506,0.6826982767870147,9,1,398.46426331242674,5,4,High,97.7086387616545,95.64054906956994,95.73303495070984
Mine_H_Ukwa,10,2023,320.04145166902174,318.1697340429686,0.9365697189048727,0.963021152800384,19,4,396.01098367660694,7,4,Low,103.31688718792437,97.7086387616545,95.64054906956994
Mine_H_Ukwa,11,2023,344.37754517679866,290.5613968794417,12.679594400684845,0.9254650723163087,18,5,441.5985243212287,7,3,High,318.1697340429686,103.31688718792437,97.7086387616545
Mine_H_Ukwa,12,2023,347.6639268925826,252.78577696925305,40.79157585233559,0.9510783426218091,16,4,397.25670180524537,8,2,High,290.5613968794417,318.1697340429686,103.31688718792437
Mine_H_Ukwa,1,2024,322.2128423138839,227.61848938962225,7.342285048052322,0.9136637889946563,22,3,370.4918257833949,8,2,High,252.78577696925305,290.5613968794417,318.1697340429686
Mine_H_Ukwa,2,2024,334.20370006776443,213.71107591944235,34.28835056230049,0.9378349102129896,20,3,379.4652384063832,5,3,High,227.61848938962225,252.78577696925305,290.5613968794417
Mine_H_Ukwa,3,2024,324.3986968675447,225.2263086498362,34.39631728725605,0.9944322969419905,23,3,417.9002881413744,6,2,High,213.71107591944235,227.61848938962225,252.78577696925305
Mine_H_Ukwa,4,2024,348.4350400697517,222.1312419052824,18.367710905739802,0.8514289707762446,17,3,452.69077244219693,6,4,High,225.2263086498362,213.71107591944235,227.61848938962225
Mine_H_Ukwa,5,2024,322.95294261934316,360.37629717223274,48.11839362029323,0.9189842806519284,18,5,404.47142261094643,8,4,Low,222.1312419052824,225.2263086498362,213.71107591944235
Mine_H_Ukwa,6,2024,302.5214399470377,90.75643198411132,560.3355194610373,0.7533662475571493,5,1,347.9160291485021,8,2,High,360.37629717223274,222.1312419052824,225.2263086498362
Mine_H_Ukwa,7,2024,322.70990261159045,96.81297078347713,470.9363230398122,0.7708318889141792,8,2,378.6101568876464,6,2,High,90.75643198411132,360.37629717223274,222.1312419052824
Mine_H_Ukwa,8,2024,346.5482753561764,103.96448260685293,420.4498909538828,0.6863930448645892,6,2,399.343162239571,8,4,High,96.81297078347713,90.75643198411132,360.37629717223274
Mine_H_Ukwa,9,2024,326.17721507615414,97.85316452284624,363.6329789386651,0.7097433239930784,5,2,365.9919913490855,8,3,High,103.96448260685293,96.81297078347713,90.75643198411132
Mine_H_Ukwa,10,2024,331.12864205678284,212.11205838096745,5.691514268599695,0.8532691976675044,18,3,416.8908172669818,6,3,High,97.85316452284624,103.96448260685293,96.81297078347713
Mine_H_Ukwa,11,2024,341.67004384309104,241.28108433076568,24.57385210327507,0.9846211423777547,19,3,424.06891573703916,5,4,High,212.11205838096745,97.85316452284624,103.96448260685293
Mine_H_Ukwa,12,2024,310.1919890372197,193.45700552756935,7.778713838561485,0.8613069314694337,15,3,402.5299273778202,8,3,High,241.28108433076568,212.11205838096745,97.85316452284624
Mine_H_Ukwa,1,2025,324.28052216196147,229.42852222861916,47.89167650108722,0.8607943683270709,15,5,397.46590335271503,5,4,High,193.45700552756935,241.28108433076568,212.11205838096745
Mine_H_Ukwa,2,2025,329.2237310495204,333.9548505531463,39.95840227910606,0.9698843478759658,21,4,389.35606320003035,8,3,Low,229.42852222861916,193.45700552756935,241.28108433076568
Mine_H_Ukwa,3,2025,318.4551069862446,273.06037068707946,36.83299558816839,0.9941245228253348,22,5,363.04789103849663,5,3,High,333.9548505531463,229.42852222861916,193.45700552756935
Mine_H_Ukwa,4,2025,344.3974838254816,222.65336854424575,24.746047661264637,0.8724518417554286,23,3,398.96288466746574,6,2,High,273.06037068707946,333.9548505531463,229.42852222861916
Mine_H_Ukwa,5,2025,341.28504469699465,236.49659824629103,31.52346837866168,0.9112514778318012,17,4,414.59592325603944,8,2,High,222.65336854424575,273.06037068707946,333.9548505531463
Mine_H_Ukwa,6,2025,313.1223045870951,93.93669137612852,597.685604504044,0.7607340387367276,13,1,358.6669190005036,7,3,High,236.49659824629103,222.65336854424575,273.06037068707946
Mine_H_Ukwa,7,2025,348.358537109575,104.50756113287251,486.63258968515436,0.7854859018828739,12,1,446.95809485047886,8,4,High,93.93669137612852,236.49659824629103,222.65336854424575
Mine_H_Ukwa,8,2025,329.9282660992761,98.97847982978281,311.60038079334936,0.6848514144562435,8,1,365.0245651873666,6,2,High,104.50756113287251,93.93669137612852,236.49659824629103
Mine_H_Ukwa,9,2025,346.07228706401577,103.82168611920473,316.62680492923425,0.7934541419846508,8,2,447.9932495891724,6,2,High,98.97847982978281,104.50756113287251,93.93669137612852
Mine_H_Ukwa,10,2025,311.0088152951714,231.05077209406582,2.9739949044874923,0.9375751364809888,20,4,363.35737050856727,5,3,High,103.82168611920473,98.97847982978281,104.50756113287251
Mine_H_Ukwa,11,2025,335.6637057120166,213.64347460236743,21.789874157328516,0.8164938986611942,20,3,379.78282115241035,8,2,High,231.05077209406582,103.82168611920473,98.97847982978281
Mine_H_Ukwa,12,2025,336.0422603598265,210.3279574901591,8.384153929859783,0.9696290487181312,23,3,435.4627799978266,5,2,High,213.64347460236743,231.05077209406582,103.82168611920473
